"Name","Item ID","Rarity","Icon Path"
"Pirate Monarch's Treasure Throne","House_HousingItem_Entitlement_Chair_Pirate_LargeTreasurePile","Rare","https://cdn.nw-buddy.de/nw-data/live/lyshineui/images/icons/items/housingitem/house_housingitem_entitlement_chair_pirate_largetreasurepile.webp"
"Pirate Monarch's Chandelier","House_HousingItem_Entitlement_Lighting_Pirate_BoneChandelier","Rare","https://cdn.nw-buddy.de/nw-data/live/lyshineui/images/icons/items/housingitem/house_housingitem_entitlement_lighting_pirate_bonechandelier.webp"
"Pirate Monarch's Wall Sconce","House_HousingItem_Entitlement_Lighting_Pirate_SkullTower01","Rare","https://cdn.nw-buddy.de/nw-data/live/lyshineui/images/icons/items/housingitem/house_housingitem_entitlement_lighting_pirate_skulltower01.webp"
"Pirate Monarch's Inverted Wall Sconce","House_HousingItem_Entitlement_Lighting_Pirate_SkullTower02","Rare","https://cdn.nw-buddy.de/nw-data/live/lyshineui/images/icons/items/housingitem/house_housingitem_entitlement_lighting_pirate_skulltower02.webp"
"Pirate Monarch's Beloved Birdbath","House_HousingItem_Entitlement_Pet_Pirate_Bird","Rare","https://cdn.nw-buddy.de/nw-data/live/lyshineui/images/icons/items/housingitem/house_housingitem_entitlement_pet_pirate_bird.webp"
"Pirate Monarch's Gilded Cannon","House_HousingItem_Entitlement_Pirate_Cannon","Rare","https://cdn.nw-buddy.de/nw-data/live/lyshineui/images/icons/items/housingitem/house_housingitem_entitlement_pirate_cannon.webp"
"Pirate Monarch's Treasure Map","House_HousingItem_Entitlement_Pirate_Deluxe_TreasureMap","Rare","https://cdn.nw-buddy.de/nw-data/live/lyshineui/images/icons/items/housingitem/house_housingitem_entitlement_pirate_deluxe_treasuremap.webp"
"Pirate Monarch's Octopus Vase","House_HousingItem_Entitlement_Pirate_FancyVase","Rare","https://cdn.nw-buddy.de/nw-data/live/lyshineui/images/icons/items/housingitem/house_housingitem_entitlement_pirate_fancyvase.webp"
"""Ocean's Daughter"" Painting","House_HousingItem_Entitlement_Pirate_Mermaid_Painting","Rare","https://cdn.nw-buddy.de/nw-data/live/lyshineui/images/icons/items/housingitem/house_housingitem_entitlement_pirate_mermaid_painting.webp"
"Pirate Monarch's Hoard","House_HousingItem_Entitlement_Pirate_SmallTreasurePile","Rare","https://cdn.nw-buddy.de/nw-data/live/lyshineui/images/icons/items/housingitem/house_housingitem_entitlement_pirate_smalltreasurepile.webp"
"Pirate Monarch's Steering Wheel","House_HousingItem_Entitlement_Pirate_SteeringWheel","Rare","https://cdn.nw-buddy.de/nw-data/live/lyshineui/images/icons/items/housingitem/house_housingitem_entitlement_pirate_steeringwheel.webp"
"Pirate Monarch's Golden Plaque","House_HousingItem_Entitlement_Wall_Pirate_JollyRoger","Rare","https://cdn.nw-buddy.de/nw-data/live/lyshineui/images/icons/items/housingitem/house_housingitem_entitlement_wall_pirate_jollyroger.webp"
"Haunted Candelabra","House_HousingItem_Entitlement_Lighting_Spooky2021_FloatingCandelabra","Rare","https://cdn.nw-buddy.de/nw-data/live/lyshineui/images/icons/items/housingitem/house_housingitem_entitlement_lighting_spooky2021_floatingcandelabra.webp"
"Scapegrace Jack’s Lascivious Lantern","House_HousingItem_Entitlement_Lighting_Spooky2021_PumpkinFlirty","Rare","https://cdn.nw-buddy.de/nw-data/live/lyshineui/images/icons/items/housingitem/house_housingitem_entitlement_lighting_spooky2021_pumpkinflirty.webp"
"Scapegrace Jack’s Happy Lantern","House_HousingItem_Entitlement_Lighting_Spooky2021_PumpkinHappy","Rare","https://cdn.nw-buddy.de/nw-data/live/lyshineui/images/icons/items/housingitem/house_housingitem_entitlement_lighting_spooky2021_pumpkinhappy.webp"
"Scapegrace Jack’s Frightful Lantern","House_HousingItem_Entitlement_Lighting_Spooky2021_PumpkinScary","Rare","https://cdn.nw-buddy.de/nw-data/live/lyshineui/images/icons/items/housingitem/house_housingitem_entitlement_lighting_spooky2021_pumpkinscary.webp"
"Scapegrace Jack’s Fatuous Lantern","House_HousingItem_Entitlement_Lighting_Spooky2021_PumpkinSilly","Rare","https://cdn.nw-buddy.de/nw-data/live/lyshineui/images/icons/items/housingitem/house_housingitem_entitlement_lighting_spooky2021_pumpkinsilly.webp"
"Bubbling Cauldron","House_HousingItem_Entitlement_Spooky2021_Cauldron","Rare","https://cdn.nw-buddy.de/nw-data/live/lyshineui/images/icons/items/housingitem/house_housingitem_entitlement_spooky2021_cauldron.webp"
"The Conjuring Crystal","House_HousingItem_Entitlement_Spooky2021_CrystalBall","Rare","https://cdn.nw-buddy.de/nw-data/live/lyshineui/images/icons/items/housingitem/house_housingitem_entitlement_spooky2021_crystalball.webp"
"Vermiculated Curtains","House_HousingItem_Entitlement_Spooky2021_Curtains","Rare","https://cdn.nw-buddy.de/nw-data/live/lyshineui/images/icons/items/housingitem/house_housingitem_entitlement_spooky2021_curtains.webp"
"Enchanted Broom","House_HousingItem_Entitlement_Spooky2021_DancingBrooms","Rare","https://cdn.nw-buddy.de/nw-data/live/lyshineui/images/icons/items/housingitem/house_housingitem_entitlement_spooky2021_dancingbrooms.webp"
"Potion-Maker’s Kit","House_HousingItem_Entitlement_Spooky2021_PotionSet","Rare","https://cdn.nw-buddy.de/nw-data/live/lyshineui/images/icons/items/housingitem/house_housingitem_entitlement_spooky2021_potionset.webp"
"Stolen Gravestone","House_HousingItem_Entitlement_Spooky2021_Tombstone","Rare","https://cdn.nw-buddy.de/nw-data/live/lyshineui/images/icons/items/housingitem/house_housingitem_entitlement_spooky2021_tombstone.webp"
"Puppergeist","House_HousingItem_Pet_Entitlement_Ghost_Dog","Rare","https://cdn.nw-buddy.de/nw-data/live/lyshineui/images/icons/items/housingitem/house_housingitem_pet_entitlement_ghost_dog.webp"
"Sungleam Throne","House_HousingItem_Entitlement_Chair_Royal2021_Throne01","Rare","https://cdn.nw-buddy.de/nw-data/live/lyshineui/images/icons/items/housingitem/house_housingitem_entitlement_chair_royal2021_throne01.webp"
"The Baron's Chandelier","House_HousingItem_Entitlement_Lighting_Royal2021_CeilingLight01","Rare","https://cdn.nw-buddy.de/nw-data/live/lyshineui/images/icons/items/housingitem/house_housingitem_entitlement_lighting_royal2021_ceilinglight01.webp"
"Resplendency","House_HousingItem_Entitlement_Lighting_Royal2021_TableLight01","Rare","https://cdn.nw-buddy.de/nw-data/live/lyshineui/images/icons/items/housingitem/house_housingitem_entitlement_lighting_royal2021_tablelight01.webp"
"The Baroness's Light","House_HousingItem_Entitlement_Lighting_Royal2021_WallLight01","Rare","https://cdn.nw-buddy.de/nw-data/live/lyshineui/images/icons/items/housingitem/house_housingitem_entitlement_lighting_royal2021_walllight01.webp"
"Sunset Baldachin","House_HousingItem_Entitlement_Royal2021_Baldachin01","Rare","https://cdn.nw-buddy.de/nw-data/live/lyshineui/images/icons/items/housingitem/house_housingitem_entitlement_royal2021_baldachin01.webp"
"Sunrise Curtains","House_HousingItem_Entitlement_Royal2021_Curtains01","Rare","https://cdn.nw-buddy.de/nw-data/live/lyshineui/images/icons/items/housingitem/house_housingitem_entitlement_royal2021_curtains01.webp"
"Aureate Plinth","House_HousingItem_Entitlement_Royal2021_Dias01","Rare","https://cdn.nw-buddy.de/nw-data/live/lyshineui/images/icons/items/housingitem/house_housingitem_entitlement_royal2021_dias01.webp"
"Goldenlight Pedestal","House_HousingItem_Entitlement_Royal2021_Pedestal01","Rare","https://cdn.nw-buddy.de/nw-data/live/lyshineui/images/icons/items/housingitem/house_housingitem_entitlement_royal2021_pedestal01.webp"
"Convergence Chandelier","House_HousingItem_Entitlement_Lighting_Winter2021_Chandelier","Rare","https://cdn.nw-buddy.de/nw-data/live/lyshineui/images/icons/items/housingitem/house_housingitem_entitlement_lighting_winter2021_chandelier.webp"
"Convergence Garland","House_HousingItem_Entitlement_Winter2021_Garland","Rare","https://cdn.nw-buddy.de/nw-data/live/lyshineui/images/icons/items/housingitem/house_housingitem_entitlement_winter2021_garland.webp"
"Convergence Gingerbread Cottage","House_HousingItem_Entitlement_Winter2021_GingerbreadHouse","Rare","https://cdn.nw-buddy.de/nw-data/live/lyshineui/images/icons/items/housingitem/house_housingitem_entitlement_winter2021_gingerbreadhouse.webp"
"Tree of Light","House_HousingItem_Entitlement_Winter2021_HolidayTree","Rare","https://cdn.nw-buddy.de/nw-data/live/lyshineui/images/icons/items/housingitem/house_housingitem_entitlement_winter2021_holidaytree.webp"
"Convergence Mistletoe","House_HousingItem_Entitlement_Winter2021_Mistletoe","Rare","https://cdn.nw-buddy.de/nw-data/live/lyshineui/images/icons/items/housingitem/house_housingitem_entitlement_winter2021_mistletoe.webp"
"Convergence Presents","House_HousingItem_Entitlement_Winter2021_PackagePile_A","Rare","https://cdn.nw-buddy.de/nw-data/live/lyshineui/images/icons/items/housingitem/house_housingitem_entitlement_winter2021_packagepile_a.webp"
"Convergence Poinsettia","House_HousingItem_Entitlement_Winter2021_Poinsettia","Rare","https://cdn.nw-buddy.de/nw-data/live/lyshineui/images/icons/items/housingitem/house_housingitem_entitlement_winter2021_poinsettia.webp"
"Convergence Snowman","House_HousingItem_Entitlement_Winter2021_Snowman","Rare","https://cdn.nw-buddy.de/nw-data/live/lyshineui/images/icons/items/housingitem/house_housingitem_entitlement_winter2021_snowman.webp"
"Convergence Wreath","House_HousingItem_Entitlement_Winter2021_Wreath_A","Rare","https://cdn.nw-buddy.de/nw-data/live/lyshineui/images/icons/items/housingitem/house_housingitem_entitlement_winter2021_wreath_a.webp"
"Festive Deer","House_HousingItem_Pet_Entitlement_Deer_RedNose","Rare","https://cdn.nw-buddy.de/nw-data/live/lyshineui/images/icons/items/housingitem/house_housingitem_pet_entitlement_deer_rednose.webp"
"Lunar Hanging Lantern","House_HousingItem_Entitlement_Lighting_LunarNewYear2022_HangingLantern01","Rare","https://cdn.nw-buddy.de/nw-data/live/lyshineui/images/icons/items/housingitem/house_housingitem_entitlement_lighting_lunarnewyear2022_hanginglantern01.webp"
"Lunar Wall Lanterns","House_HousingItem_Entitlement_Lighting_LunarNewYear2022_StringLanterns01","Rare","https://cdn.nw-buddy.de/nw-data/live/lyshineui/images/icons/items/housingitem/house_housingitem_entitlement_lighting_lunarnewyear2022_stringlanterns01.webp"
"Lunar Firecrackers","House_HousingItem_Entitlement_LunarNewYear2022_Firecrackers01","Rare","https://cdn.nw-buddy.de/nw-data/live/lyshineui/images/icons/items/housingitem/house_housingitem_entitlement_lunarnewyear2022_firecrackers01.webp"
"Golden Foo Dog","House_HousingItem_Entitlement_LunarNewYear2022_FooDog01","Rare","https://cdn.nw-buddy.de/nw-data/live/lyshineui/images/icons/items/housingitem/house_housingitem_entitlement_lunarnewyear2022_foodog01.webp"
"Sunrise Parade Lion Head","House_HousingItem_Entitlement_LunarNewYear2022_LionMask01","Rare","https://cdn.nw-buddy.de/nw-data/live/lyshineui/images/icons/items/housingitem/house_housingitem_entitlement_lunarnewyear2022_lionmask01.webp"
"Sunset Parade Lion Head","House_HousingItem_Entitlement_LunarNewYear2022_LionMask02","Rare","https://cdn.nw-buddy.de/nw-data/live/lyshineui/images/icons/items/housingitem/house_housingitem_entitlement_lunarnewyear2022_lionmask02.webp"
"Warm Red Paper Fans","House_HousingItem_Entitlement_LunarNewYear2022_PaperFan01","Rare","https://cdn.nw-buddy.de/nw-data/live/lyshineui/images/icons/items/housingitem/house_housingitem_entitlement_lunarnewyear2022_paperfan01.webp"
"Welcoming Red Paper Fans","House_HousingItem_Entitlement_LunarNewYear2022_PaperFan02","Rare","https://cdn.nw-buddy.de/nw-data/live/lyshineui/images/icons/items/housingitem/house_housingitem_entitlement_lunarnewyear2022_paperfan02.webp"
"Lunar Tiger Shadowbox","House_HousingItem_Entitlement_LunarNewYear2022_Shadowbox01","Rare","https://cdn.nw-buddy.de/nw-data/live/lyshineui/images/icons/items/housingitem/house_housingitem_entitlement_lunarnewyear2022_shadowbox01.webp"
"Lunar New Year Tiger","House_HousingItem_Pet_Entitlement_Tiger_NewYear","Rare","https://cdn.nw-buddy.de/nw-data/live/lyshineui/images/icons/items/housingitem/house_housingitem_pet_entitlement_tiger_newyear.webp"
"Romantic Swooning Couch","House_HousingItem_Entitlement_Bed_Love2022_Couch01","Rare","https://cdn.nw-buddy.de/nw-data/live/lyshineui/images/icons/items/housingitem/house_housingitem_entitlement_bed_love2022_couch01.webp"
"Romantic Heart Chair","House_HousingItem_Entitlement_Chair_Love2022_Chair01","Rare","https://cdn.nw-buddy.de/nw-data/live/lyshineui/images/icons/items/housingitem/house_housingitem_entitlement_chair_love2022_chair01.webp"
"Romantic Candelabra","House_HousingItem_Entitlement_Lighting_Love2022_Candelabra01","Rare","https://cdn.nw-buddy.de/nw-data/live/lyshineui/images/icons/items/housingitem/house_housingitem_entitlement_lighting_love2022_candelabra01.webp"
"Romantic Sconce","House_HousingItem_Entitlement_Lighting_Love2022_Sconce01","Rare","https://cdn.nw-buddy.de/nw-data/live/lyshineui/images/icons/items/housingitem/house_housingitem_entitlement_lighting_love2022_sconce01.webp"
"Love Letter Desk","House_HousingItem_Entitlement_Love2022_Desk01","Rare","https://cdn.nw-buddy.de/nw-data/live/lyshineui/images/icons/items/housingitem/house_housingitem_entitlement_love2022_desk01.webp"
"Tray of Love Potions","House_HousingItem_Entitlement_Love2022_LovePotion01","Rare","https://cdn.nw-buddy.de/nw-data/live/lyshineui/images/icons/items/housingitem/house_housingitem_entitlement_love2022_lovepotion01.webp"
"Exotic Bubble Bath","House_HousingItem_Entitlement_Love2022_Tub01","Rare","https://cdn.nw-buddy.de/nw-data/live/lyshineui/images/icons/items/housingitem/house_housingitem_entitlement_love2022_tub01.webp"
"Romantic Bouquet","House_HousingItem_Entitlement_Love2022_VaseFlowers01","Rare","https://cdn.nw-buddy.de/nw-data/live/lyshineui/images/icons/items/housingitem/house_housingitem_entitlement_love2022_vaseflowers01.webp"
"Black Bear Pelt Rug","House_HousingItem_Entitlement_Rug_Love2022_Rug01","Rare","https://cdn.nw-buddy.de/nw-data/live/lyshineui/images/icons/items/housingitem/house_housingitem_entitlement_rug_love2022_rug01.webp"
"Romantic Dinner Table","House_HousingItem_Entitlement_Table_Love2022_Table01","Rare","https://cdn.nw-buddy.de/nw-data/live/lyshineui/images/icons/items/housingitem/house_housingitem_entitlement_table_love2022_table01.webp"
"Springtime Rattan Chair","House_HousingItem_Entitlement_Chair_Spring2022_Chair01","Rare","https://cdn.nw-buddy.de/nw-data/live/lyshineui/images/icons/items/housingitem/house_housingitem_entitlement_chair_spring2022_chair01.webp"
"Springtime Ceiling Lantern","House_HousingItem_Entitlement_Lighting_Spring2022_CeilingLight01","Rare","https://cdn.nw-buddy.de/nw-data/live/lyshineui/images/icons/items/housingitem/house_housingitem_entitlement_lighting_spring2022_ceilinglight01.webp"
"Springtime Wall Lantern","House_HousingItem_Entitlement_Lighting_Spring2022_WallLight01","Rare","https://cdn.nw-buddy.de/nw-data/live/lyshineui/images/icons/items/housingitem/house_housingitem_entitlement_lighting_spring2022_walllight01.webp"
"Springtime Rug","House_HousingItem_Entitlement_Rug_Spring2022_Rug01","Rare","https://cdn.nw-buddy.de/nw-data/live/lyshineui/images/icons/items/housingitem/house_housingitem_entitlement_rug_spring2022_rug01.webp"
"Springtime Ceiling Flowers","House_HousingItem_Entitlement_Spring2022_CeilingFlowers01","Rare","https://cdn.nw-buddy.de/nw-data/live/lyshineui/images/icons/items/housingitem/house_housingitem_entitlement_spring2022_ceilingflowers01.webp"
"Spring Floral Blower","House_HousingItem_Entitlement_Spring2022_ColorCannon01","Rare","https://cdn.nw-buddy.de/nw-data/live/lyshineui/images/icons/items/housingitem/house_housingitem_entitlement_spring2022_colorcannon01.webp"
"Springtime Curtains","House_HousingItem_Entitlement_Spring2022_Curtains01","Rare","https://cdn.nw-buddy.de/nw-data/live/lyshineui/images/icons/items/housingitem/house_housingitem_entitlement_spring2022_curtains01.webp"
"Springtime Tub O' Flowers","House_HousingItem_Entitlement_Spring2022_FlowerBasket01","Rare","https://cdn.nw-buddy.de/nw-data/live/lyshineui/images/icons/items/housingitem/house_housingitem_entitlement_spring2022_flowerbasket01.webp"
"Springtime Rattan Table","House_HousingItem_Entitlement_Spring2022_SideTable01","Rare","https://cdn.nw-buddy.de/nw-data/live/lyshineui/images/icons/items/housingitem/house_housingitem_entitlement_spring2022_sidetable01.webp"
"Springtime Wreath","House_HousingItem_Entitlement_Spring2022_Wreath01","Rare","https://cdn.nw-buddy.de/nw-data/live/lyshineui/images/icons/items/housingitem/house_housingitem_entitlement_spring2022_wreath01.webp"
"Springtime Bunny","House_HousingItem_Pet_Entitlement_Rabbit_Spring","Rare","https://cdn.nw-buddy.de/nw-data/live/lyshineui/images/icons/items/housingitem/house_housingitem_pet_entitlement_rabbit_spring.webp"
"Cosmic Armillary Dial","House_HousingItem_Entitlement_FateFortune2022_Armillary01","Rare","https://cdn.nw-buddy.de/nw-data/live/lyshineui/images/icons/items/housingitem/house_housingitem_entitlement_fatefortune2022_armillary01.webp"
"Astronomical Astrolabe","House_HousingItem_Entitlement_FateFortune2022_Astrolabe01","Rare","https://cdn.nw-buddy.de/nw-data/live/lyshineui/images/icons/items/housingitem/house_housingitem_entitlement_fatefortune2022_astrolabe01.webp"
"Tarot Game Table","House_HousingItem_Entitlement_FateFortune2022_Game01","Rare","https://cdn.nw-buddy.de/nw-data/live/lyshineui/images/icons/items/housingitem/house_housingitem_entitlement_fatefortune2022_game01.webp"
"Fateful Hourglass","House_HousingItem_Entitlement_FateFortune2022_Hourglass01","Rare","https://cdn.nw-buddy.de/nw-data/live/lyshineui/images/icons/items/housingitem/house_housingitem_entitlement_fatefortune2022_hourglass01.webp"
"Palmistry Statue","House_HousingItem_Entitlement_FateFortune2022_PalmStatue01","Rare","https://cdn.nw-buddy.de/nw-data/live/lyshineui/images/icons/items/housingitem/house_housingitem_entitlement_fatefortune2022_palmstatue01.webp"
"Fortune Scrying Table","House_HousingItem_Entitlement_FateFortune2022_ScryingTable01","Rare","https://cdn.nw-buddy.de/nw-data/live/lyshineui/images/icons/items/housingitem/house_housingitem_entitlement_fatefortune2022_scryingtable01.webp"
"Zodiac Tapestry","House_HousingItem_Entitlement_FateFortune2022_Tapestry01","Rare","https://cdn.nw-buddy.de/nw-data/live/lyshineui/images/icons/items/housingitem/house_housingitem_entitlement_fatefortune2022_tapestry01.webp"
"Astral Chandelier","House_HousingItem_Entitlement_Lighting_FateFortune2022_CeilingLight01","Rare","https://cdn.nw-buddy.de/nw-data/live/lyshineui/images/icons/items/housingitem/house_housingitem_entitlement_lighting_fatefortune2022_ceilinglight01.webp"
"Pig of Mystery","House_HousingItem_Pet_Entitlement_Pig_Fortune","Rare","https://cdn.nw-buddy.de/nw-data/live/lyshineui/images/icons/items/housingitem/house_housingitem_pet_entitlement_pig_fortune.webp"
"Tempting Treasure","House_HousingItem_Entitlement_Animated_RPG2022_MimicChest","Rare","https://cdn.nw-buddy.de/nw-data/live/lyshineui/images/icons/items/housingitem/house_housingitem_entitlement_animated_rpg2022_mimicchest.webp"
"Storyteller's Chair","House_HousingItem_Entitlement_Chair_RPG2022_DragonChair","Rare","https://cdn.nw-buddy.de/nw-data/live/lyshineui/images/icons/items/housingitem/house_housingitem_entitlement_chair_rpg2022_dragonchair.webp"
"Fantastical Seat","House_HousingItem_Entitlement_Chair_RPG2022_ScaleSeat","Rare","https://cdn.nw-buddy.de/nw-data/live/lyshineui/images/icons/items/housingitem/house_housingitem_entitlement_chair_rpg2022_scaleseat.webp"
"Everflame Chandelier","House_HousingItem_Entitlement_Lighting_RPG2022_Ceiling_PhoenixChandelier","Rare","https://cdn.nw-buddy.de/nw-data/live/lyshineui/images/icons/items/housingitem/house_housingitem_entitlement_lighting_rpg2022_ceiling_phoenixchandelier.webp"
"Wyrmbreath Sconce","House_HousingItem_Entitlement_Lighting_RPG2022_Wall_DragonSconce","Rare","https://cdn.nw-buddy.de/nw-data/live/lyshineui/images/icons/items/housingitem/house_housingitem_entitlement_lighting_rpg2022_wall_dragonsconce.webp"
"Storyteller's Game","House_HousingItem_Entitlement_RPG2022_RPGamingSet","Rare","https://cdn.nw-buddy.de/nw-data/live/lyshineui/images/icons/items/housingitem/house_housingitem_entitlement_rpg2022_rpgamingset.webp"
"Tapestry of the 'Perfect Balance'","House_HousingItem_Entitlement_RPG2022_Wall_Tapestry","Rare","https://cdn.nw-buddy.de/nw-data/live/lyshineui/images/icons/items/housingitem/house_housingitem_entitlement_rpg2022_wall_tapestry.webp"
"Fantastical Table","House_HousingItem_Entitlement_Table_RPG2022_ScaleTable","Rare","https://cdn.nw-buddy.de/nw-data/live/lyshineui/images/icons/items/housingitem/house_housingitem_entitlement_table_rpg2022_scaletable.webp"
"Iron-Song Music Box","House_HousingItem_Entitlement_Animated_Metal2022_MusicBox","Rare","https://cdn.nw-buddy.de/nw-data/live/lyshineui/images/icons/items/housingitem/house_housingitem_entitlement_animated_metal2022_musicbox.webp"
"Iron-Song Spiked Chair","House_HousingItem_Entitlement_Chair_Metal2022_IronChair","Rare","https://cdn.nw-buddy.de/nw-data/live/lyshineui/images/icons/items/housingitem/house_housingitem_entitlement_chair_metal2022_ironchair.webp"
"Iron-Song Drum Chandelier","House_HousingItem_Entitlement_Lighting_Metal2022_Ceiling_DrumChandelier","Rare","https://cdn.nw-buddy.de/nw-data/live/lyshineui/images/icons/items/housingitem/house_housingitem_entitlement_lighting_metal2022_ceiling_drumchandelier.webp"
"Iron-Song Drum Side Table","House_HousingItem_Entitlement_Metal2022_DrumSideTable","Rare","https://cdn.nw-buddy.de/nw-data/live/lyshineui/images/icons/items/housingitem/house_housingitem_entitlement_metal2022_drumsidetable.webp"
"Iron-Song Hand Sculpture","House_HousingItem_Entitlement_Metal2022_RockOnHand","Rare","https://cdn.nw-buddy.de/nw-data/live/lyshineui/images/icons/items/housingitem/house_housingitem_entitlement_metal2022_rockonhand.webp"
"Iron-Song Axe Lute","House_HousingItem_Entitlement_Metal2022_Wall_Guitar_A","Rare","https://cdn.nw-buddy.de/nw-data/live/lyshineui/images/icons/items/housingitem/house_housingitem_entitlement_metal2022_wall_guitar_a.webp"
"Iron-Song Spiked Guitar","House_HousingItem_Entitlement_Metal2022_Wall_Guitar_B","Rare","https://cdn.nw-buddy.de/nw-data/live/lyshineui/images/icons/items/housingitem/house_housingitem_entitlement_metal2022_wall_guitar_b.webp"
"Iron-Song Lyre Shelf","House_HousingItem_Entitlement_Metal2022_Wall_HarpShelf","Rare","https://cdn.nw-buddy.de/nw-data/live/lyshineui/images/icons/items/housingitem/house_housingitem_entitlement_metal2022_wall_harpshelf.webp"
"Iron-Song Painting","House_HousingItem_Entitlement_Metal2022_Wall_Painting","Rare","https://cdn.nw-buddy.de/nw-data/live/lyshineui/images/icons/items/housingitem/house_housingitem_entitlement_metal2022_wall_painting.webp"
"Iron-Song Tour Tapestry","House_HousingItem_Entitlement_Metal2022_Wall_Poster","Rare","https://cdn.nw-buddy.de/nw-data/live/lyshineui/images/icons/items/housingitem/house_housingitem_entitlement_metal2022_wall_poster.webp"
"Rising-Fire Throne","House_HousingItem_Entitlement_Chair_Phoenix2022_Throne01","Rare","https://cdn.nw-buddy.de/nw-data/live/lyshineui/images/icons/items/housingitem/house_housingitem_entitlement_chair_phoenix2022_throne01.webp"
"Rising-Fire Feathered Chandelier","House_HousingItem_Entitlement_Lighting_Phoenix2022_Ceiling_Chandelier01","Rare","https://cdn.nw-buddy.de/nw-data/live/lyshineui/images/icons/items/housingitem/house_housingitem_entitlement_lighting_phoenix2022_ceiling_chandelier01.webp"
"Rising-Fire Brazier","House_HousingItem_Entitlement_Lighting_Phoenix2022_Floor_FirePit01","Rare","https://cdn.nw-buddy.de/nw-data/live/lyshineui/images/icons/items/housingitem/house_housingitem_entitlement_lighting_phoenix2022_floor_firepit01.webp"
"Rising-Fire Winged Lantern","House_HousingItem_Entitlement_Lighting_Phoenix2022_Wall_Sconce01","Rare","https://cdn.nw-buddy.de/nw-data/live/lyshineui/images/icons/items/housingitem/house_housingitem_entitlement_lighting_phoenix2022_wall_sconce01.webp"
"Rising-Fire Bouquet","House_HousingItem_Entitlement_Phoenix2022_Bouquet01","Rare","https://cdn.nw-buddy.de/nw-data/live/lyshineui/images/icons/items/housingitem/house_housingitem_entitlement_phoenix2022_bouquet01.webp"
"Rising-Fire Pedestal","House_HousingItem_Entitlement_Phoenix2022_Pedistal01","Rare","https://cdn.nw-buddy.de/nw-data/live/lyshineui/images/icons/items/housingitem/house_housingitem_entitlement_phoenix2022_pedistal01.webp"
"Rising-Fire Room Divider","House_HousingItem_Entitlement_Phoenix2022_RoomDivider01","Rare","https://cdn.nw-buddy.de/nw-data/live/lyshineui/images/icons/items/housingitem/house_housingitem_entitlement_phoenix2022_roomdivider01.webp"
"Rising-Fire Glass Art","House_HousingItem_Entitlement_Phoenix2022_Wall_StainedGlass01","Rare","https://cdn.nw-buddy.de/nw-data/live/lyshineui/images/icons/items/housingitem/house_housingitem_entitlement_phoenix2022_wall_stainedglass01.webp"
"Rising-Fire Rug","House_HousingItem_Entitlement_Rug_Phoenix2022_Rug01","Rare","https://cdn.nw-buddy.de/nw-data/live/lyshineui/images/icons/items/housingitem/house_housingitem_entitlement_rug_phoenix2022_rug01.webp"
"Glorious Phoenix","House_HousingItem_Pet_Entitlement_Bird_Phoenix","Rare","https://cdn.nw-buddy.de/nw-data/live/lyshineui/images/icons/items/housingitem/house_housingitem_pet_entitlement_bird_phoenix.webp"
"Aegyptus Sarcophagus","House_HousingItem_Entitlement_Animated_Egyptian2022_Sarcophagus01","Rare","https://cdn.nw-buddy.de/nw-data/live/lyshineui/images/icons/items/housingitem/house_housingitem_entitlement_animated_egyptian2022_sarcophagus01.webp"
"Aegyptus Carved Bench","House_HousingItem_Entitlement_Bed_Egyptian2022_Bench01","Rare","https://cdn.nw-buddy.de/nw-data/live/lyshineui/images/icons/items/housingitem/house_housingitem_entitlement_bed_egyptian2022_bench01.webp"
"Aegyptus Uraeus Canopic Jar","House_HousingItem_Entitlement_Egyptian2022_CanopicJar01","Rare","https://cdn.nw-buddy.de/nw-data/live/lyshineui/images/icons/items/housingitem/house_housingitem_entitlement_egyptian2022_canopicjar01.webp"
"Aegyptus Horus Canopic Jar","House_HousingItem_Entitlement_Egyptian2022_CanopicJar02","Rare","https://cdn.nw-buddy.de/nw-data/live/lyshineui/images/icons/items/housingitem/house_housingitem_entitlement_egyptian2022_canopicjar02.webp"
"Aegyptus Anubis Canopic Jar","House_HousingItem_Entitlement_Egyptian2022_CanopicJar03","Rare","https://cdn.nw-buddy.de/nw-data/live/lyshineui/images/icons/items/housingitem/house_housingitem_entitlement_egyptian2022_canopicjar03.webp"
"Aegyptus Ancients Canopic Jar","House_HousingItem_Entitlement_Egyptian2022_CanopicJar04","Rare","https://cdn.nw-buddy.de/nw-data/live/lyshineui/images/icons/items/housingitem/house_housingitem_entitlement_egyptian2022_canopicjar04.webp"
"Aegyptus Bastet Pedestal","House_HousingItem_Entitlement_Egyptian2022_CatPedistal01","Rare","https://cdn.nw-buddy.de/nw-data/live/lyshineui/images/icons/items/housingitem/house_housingitem_entitlement_egyptian2022_catpedistal01.webp"
"Aegyptus Horus Scrolls","House_HousingItem_Entitlement_Egyptian2022_Wall_Scrolls01","Rare","https://cdn.nw-buddy.de/nw-data/live/lyshineui/images/icons/items/housingitem/house_housingitem_entitlement_egyptian2022_wall_scrolls01.webp"
"Aegyptus Scarab Table Lamp","House_HousingItem_Entitlement_Lighting_Egyptian2022_Table_ScarabLamp01","Rare","https://cdn.nw-buddy.de/nw-data/live/lyshineui/images/icons/items/housingitem/house_housingitem_entitlement_lighting_egyptian2022_table_scarablamp01.webp"
"Aegyptus Cobra Wall Lantern","House_HousingItem_Entitlement_Lighting_Egyptian2022_Wall_Sconce01","Rare","https://cdn.nw-buddy.de/nw-data/live/lyshineui/images/icons/items/housingitem/house_housingitem_entitlement_lighting_egyptian2022_wall_sconce01.webp"
"Aegyptus Sculptural Table","House_HousingItem_Entitlement_Table_Egyptian2022_SnakesTable01","Rare","https://cdn.nw-buddy.de/nw-data/live/lyshineui/images/icons/items/housingitem/house_housingitem_entitlement_table_egyptian2022_snakestable01.webp"
"Nightmare Horned Chandelier","House_HousingItem_Entitlement_Lighting_Nightveil2022_HornChandelier01","Rare","https://cdn.nw-buddy.de/nw-data/live/lyshineui/images/icons/items/housingitem/house_housingitem_entitlement_lighting_nightveil2022_hornchandelier01.webp"
"Nightmare Web-Framed Insects","House_HousingItem_Entitlement_Nightveil2022_FramedInsects01","Rare","https://cdn.nw-buddy.de/nw-data/live/lyshineui/images/icons/items/housingitem/house_housingitem_entitlement_nightveil2022_framedinsects01.webp"
"Nightmare Formaldehyde Jars","House_HousingItem_Entitlement_Nightveil2022_Jars01","Rare","https://cdn.nw-buddy.de/nw-data/live/lyshineui/images/icons/items/housingitem/house_housingitem_entitlement_nightveil2022_jars01.webp"
"Nightmare Grimoire Lectern","House_HousingItem_Entitlement_Nightveil2022_Lectern01","Rare","https://cdn.nw-buddy.de/nw-data/live/lyshineui/images/icons/items/housingitem/house_housingitem_entitlement_nightveil2022_lectern01.webp"
"Nightmare Loxodonta Skull Display","House_HousingItem_Entitlement_Nightveil2022_SkullDisplay01","Rare","https://cdn.nw-buddy.de/nw-data/live/lyshineui/images/icons/items/housingitem/house_housingitem_entitlement_nightveil2022_skulldisplay01.webp"
"Nightmare Alligatoridae Skull Display","House_HousingItem_Entitlement_Nightveil2022_SkullDisplay02","Rare","https://cdn.nw-buddy.de/nw-data/live/lyshineui/images/icons/items/housingitem/house_housingitem_entitlement_nightveil2022_skulldisplay02.webp"
"Nightmare Wall Masks","House_HousingItem_Entitlement_Nightveil2022_WallMasks01","Rare","https://cdn.nw-buddy.de/nw-data/live/lyshineui/images/icons/items/housingitem/house_housingitem_entitlement_nightveil2022_wallmasks01.webp"
"Nightmare Spider Wreath","House_HousingItem_Entitlement_Nightveil2022_Wreath01","Rare","https://cdn.nw-buddy.de/nw-data/live/lyshineui/images/icons/items/housingitem/house_housingitem_entitlement_nightveil2022_wreath01.webp"
"Performing Spiderling","House_HousingItem_Pet_Entitlement_Spider_Nightveil","Rare","https://cdn.nw-buddy.de/nw-data/live/lyshineui/images/icons/items/housingitem/house_housingitem_pet_entitlement_spider_nightveil.webp"
"Dusk Sylph Bed","House_HousingItem_Entitlement_Bed_DarkFae2022_Bed01","Rare","https://cdn.nw-buddy.de/nw-data/live/lyshineui/images/icons/items/housingitem/house_housingitem_entitlement_bed_darkfae2022_bed01.webp"
"Dusk Sylph Sofa","House_HousingItem_Entitlement_Chair_DarkFae2022_Couch01","Rare","https://cdn.nw-buddy.de/nw-data/live/lyshineui/images/icons/items/housingitem/house_housingitem_entitlement_chair_darkfae2022_couch01.webp"
"Dusk Sylph Glass Bookcase","House_HousingItem_Entitlement_DarkFae2022_Bookshelf01","Rare","https://cdn.nw-buddy.de/nw-data/live/lyshineui/images/icons/items/housingitem/house_housingitem_entitlement_darkfae2022_bookshelf01.webp"
"Dusk Sylph Glass Chandelier","House_HousingItem_Entitlement_Lighting_DarkFae2022_Chandelier01","Rare","https://cdn.nw-buddy.de/nw-data/live/lyshineui/images/icons/items/housingitem/house_housingitem_entitlement_lighting_darkfae2022_chandelier01.webp"
"Convergence Boots and Slippers","House_HousingItem_Entitlement_Winter2022_Boots_Slippers01","Rare","https://cdn.nw-buddy.de/nw-data/live/lyshineui/images/icons/items/housingitem/house_housingitem_entitlement_winter2022_boots_slippers01.webp"
"Convergence Coat Rack","House_HousingItem_Entitlement_Winter2022_CoatRack01","Rare","https://cdn.nw-buddy.de/nw-data/live/lyshineui/images/icons/items/housingitem/house_housingitem_entitlement_winter2022_coatrack01.webp"
"Convergence Cocoa Platter","House_HousingItem_Entitlement_Winter2022_CocoaPlatter01","Rare","https://cdn.nw-buddy.de/nw-data/live/lyshineui/images/icons/items/housingitem/house_housingitem_entitlement_winter2022_cocoaplatter01.webp"
"Convergence Rocking Horse","House_HousingItem_Entitlement_Winter2022_RockingHorse01","Rare","https://cdn.nw-buddy.de/nw-data/live/lyshineui/images/icons/items/housingitem/house_housingitem_entitlement_winter2022_rockinghorse01.webp"
"Festive Winter Kitty","House_HousingItem_Pet_Entitlement_Cat_Winter","Rare","https://cdn.nw-buddy.de/nw-data/live/lyshineui/images/icons/items/housingitem/house_housingitem_pet_entitlement_cat_winter.webp"
"Open Rickety Bookcase","House_HousingItem_Alchemist_Cabinet_A","Common","https://cdn.nw-buddy.de/nw-data/live/lyshineui/images/icons/items/housingitem/house_housingitem_alchemist_cabinet_a.webp"
"Low Apothecary Cabinet","House_HousingItem_Alchemist_Cabinet_C","Common","https://cdn.nw-buddy.de/nw-data/live/lyshineui/images/icons/items/housingitem/house_housingitem_alchemist_cabinet_c.webp"
"Oak Wine Cask","House_HousingItem_Appr_Winecask_Indoor","Uncommon","https://cdn.nw-buddy.de/nw-data/live/lyshineui/images/icons/items/housingitem/house_housingitem_appr_winecask_indoor.webp"
"Wicker Basket","House_HousingItem_Basket_A","Common","https://cdn.nw-buddy.de/nw-data/live/lyshineui/images/icons/items/housingitem/house_housingitem_basket_a.webp"
"Old Wooden Bunk Bed","House_HousingItem_Bed_Bunk_T2","Common","https://cdn.nw-buddy.de/nw-data/live/lyshineui/images/icons/items/housingitem/house_housingitem_bed_bunk_t2.webp"
"Old Straw Cot","House_HousingItem_Bed_Cot_T1_A","Common","https://cdn.nw-buddy.de/nw-data/live/lyshineui/images/icons/items/housingitem/house_housingitem_bed_cot_t1_a.webp"
"Old Wooden Full Bed","House_HousingItem_Bed_Single_T2","Common","https://cdn.nw-buddy.de/nw-data/live/lyshineui/images/icons/items/housingitem/house_housingitem_bed_single_t2.webp"
"Stone Cairn","House_HousingItem_Cairn_D","Common","https://cdn.nw-buddy.de/nw-data/live/lyshineui/images/icons/items/housingitem/house_housingitem_cairn_d.webp"
"Rickety Wooden Chair","House_HousingItem_Chair_FineChair_A","Common","https://cdn.nw-buddy.de/nw-data/live/lyshineui/images/icons/items/housingitem/house_housingitem_chair_finechair_a.webp"
"Rickety Wooden Stool","House_HousingItem_Chair_FineChair_B","Common","https://cdn.nw-buddy.de/nw-data/live/lyshineui/images/icons/items/housingitem/house_housingitem_chair_finechair_b.webp"
"Old Desk Chair","House_HousingItem_Chair_Lg_A","Uncommon","https://cdn.nw-buddy.de/nw-data/live/lyshineui/images/icons/items/housingitem/house_housingitem_chair_lg_a.webp"
"Old Log Stool","House_HousingItem_Chair_StoolB_T2","Uncommon","https://cdn.nw-buddy.de/nw-data/live/lyshineui/images/icons/items/housingitem/house_housingitem_chair_stoolb_t2.webp"
"Grey Streamer Curtains","House_HousingItem_Cloth_Tapestry_A","Uncommon","https://cdn.nw-buddy.de/nw-data/live/lyshineui/images/icons/items/housingitem/house_housingitem_cloth_tapestry_a.webp"
"Bedsheet Curtains","House_HousingItem_Cloth_Tapestry_B","Common","https://cdn.nw-buddy.de/nw-data/live/lyshineui/images/icons/items/housingitem/house_housingitem_cloth_tapestry_b.webp"
"Tied-Back Curtain","House_HousingItem_Cloth_Tapestry_C","Common","https://cdn.nw-buddy.de/nw-data/live/lyshineui/images/icons/items/housingitem/house_housingitem_cloth_tapestry_c.webp"
"Iron Cup","House_HousingItem_Cookware_Cup_A","Common","https://cdn.nw-buddy.de/nw-data/live/lyshineui/images/icons/items/housingitem/house_housingitem_cookware_cup_a.webp"
"Iron Pan","House_HousingItem_Cookware_FryPan_A","Common","https://cdn.nw-buddy.de/nw-data/live/lyshineui/images/icons/items/housingitem/house_housingitem_cookware_frypan_a.webp"
"Unsettling Branch Wreath","House_HousingItem_Dec_Branch_Element_A","Common","https://cdn.nw-buddy.de/nw-data/live/lyshineui/images/icons/items/housingitem/house_housingitem_dec_branch_element_a.webp"
"Protective Straw Wreath","House_HousingItem_Decor_Wreath_A","Common","https://cdn.nw-buddy.de/nw-data/live/lyshineui/images/icons/items/housingitem/house_housingitem_decor_wreath_a.webp"
"Squared Circle Twig Wreath","House_HousingItem_Decor_Wreath_C","Common","https://cdn.nw-buddy.de/nw-data/live/lyshineui/images/icons/items/housingitem/house_housingitem_decor_wreath_c.webp"
"Wall Woven Wicker Wreath","House_HousingItem_Decor_Wreath_D","Common","https://cdn.nw-buddy.de/nw-data/live/lyshineui/images/icons/items/housingitem/house_housingitem_decor_wreath_d.webp"
"Garlic Bulb Wreath","House_HousingItem_Decor_Wreath_Garlic","Common","https://cdn.nw-buddy.de/nw-data/live/lyshineui/images/icons/items/housingitem/house_housingitem_decor_wreath_garlic.webp"
"Glass Demijohn Jug","House_HousingItem_Demijohn_B","Common","https://cdn.nw-buddy.de/nw-data/live/lyshineui/images/icons/items/housingitem/house_housingitem_demijohn_b.webp"
"Decorative Glass Bottle","House_HousingItem_Demijohn_D","Common","https://cdn.nw-buddy.de/nw-data/live/lyshineui/images/icons/items/housingitem/house_housingitem_demijohn_d.webp"
"Dark Wicker-Wrapped Jug","House_HousingItem_Demijohn_Wicker_A","Common","https://cdn.nw-buddy.de/nw-data/live/lyshineui/images/icons/items/housingitem/house_housingitem_demijohn_wicker_a.webp"
"Light Wicker-Wrapped Jug","House_HousingItem_Demijohn_Wicker_B","Common","https://cdn.nw-buddy.de/nw-data/live/lyshineui/images/icons/items/housingitem/house_housingitem_demijohn_wicker_b.webp"
"Square Earthenware Jar","House_HousingItem_Earthware_Jar_C","Common","https://cdn.nw-buddy.de/nw-data/live/lyshineui/images/icons/items/housingitem/house_housingitem_earthware_jar_c.webp"
"Round Earthenware Jar","House_HousingItem_Earthware_Jar_E","Common","https://cdn.nw-buddy.de/nw-data/live/lyshineui/images/icons/items/housingitem/house_housingitem_earthware_jar_e.webp"
"Firewood Pile","House_HousingItem_Firewood_Pile_A","Common","https://cdn.nw-buddy.de/nw-data/live/lyshineui/images/icons/items/housingitem/house_housingitem_firewood_pile_a.webp"
"Hanging Sack","House_HousingItem_HangingSacksLG","Common","https://cdn.nw-buddy.de/nw-data/live/lyshineui/images/icons/items/housingitem/house_housingitem_hangingsackslg.webp"
"Burlap Sack","House_HousingItem_HangingSacksSM_B","Common","https://cdn.nw-buddy.de/nw-data/live/lyshineui/images/icons/items/housingitem/house_housingitem_hangingsackssm_b.webp"
"Cluttered Dishes","House_HousingItem_HW_DishCluster_A","Uncommon","https://cdn.nw-buddy.de/nw-data/live/lyshineui/images/icons/items/housingitem/house_housingitem_hw_dishcluster_a.webp"
"Old Placesetting","House_HousingItem_HW_Placesetting","Common","https://cdn.nw-buddy.de/nw-data/live/lyshineui/images/icons/items/housingitem/house_housingitem_hw_placesetting.webp"
"Candle Cluster","House_HousingItem_Lighting_Candle_Bunch_A","Uncommon","https://cdn.nw-buddy.de/nw-data/live/lyshineui/images/icons/items/housingitem/house_housingitem_lighting_candle_bunch_a.webp"
"Rusty Iron Candelabra","House_HousingItem_Lighting_CandleHolder_A","Uncommon","https://cdn.nw-buddy.de/nw-data/live/lyshineui/images/icons/items/housingitem/house_housingitem_lighting_candleholder_a.webp"
"Rusty Iron Lantern","House_HousingItem_Lighting_Lantern_C","Uncommon","https://cdn.nw-buddy.de/nw-data/live/lyshineui/images/icons/items/housingitem/house_housingitem_lighting_lantern_c.webp"
"Rusty Hanging Lantern","House_HousingItem_Lighting_Lantern_Ceiling","Rare","https://cdn.nw-buddy.de/nw-data/live/lyshineui/images/icons/items/housingitem/house_housingitem_lighting_lantern_ceiling.webp"
"Wooden Wall Torch","House_HousingItem_Lighting_Torch_Wall","Uncommon","https://cdn.nw-buddy.de/nw-data/live/lyshineui/images/icons/items/housingitem/house_housingitem_lighting_torch_wall.webp"
"Iron Jug","House_HousingItem_MilkJug","Uncommon","https://cdn.nw-buddy.de/nw-data/live/lyshineui/images/icons/items/housingitem/house_housingitem_milkjug.webp"
"Old Books Row Short","House_HousingItem_OldBookGroup_B","Uncommon","https://cdn.nw-buddy.de/nw-data/live/lyshineui/images/icons/items/housingitem/house_housingitem_oldbookgroup_b.webp"
"Old Books Stack","House_HousingItem_OldBookGroup_E","Uncommon","https://cdn.nw-buddy.de/nw-data/live/lyshineui/images/icons/items/housingitem/house_housingitem_oldbookgroup_e.webp"
"Old Books Row Long","House_HousingItem_OldBookGroup_F","Uncommon","https://cdn.nw-buddy.de/nw-data/live/lyshineui/images/icons/items/housingitem/house_housingitem_oldbookgroup_f.webp"
"Unsettling Note","House_HousingItem_Paper_Flat_A","Common","https://cdn.nw-buddy.de/nw-data/live/lyshineui/images/icons/items/housingitem/house_housingitem_paper_flat_a.webp"
"Sentimental Note","House_HousingItem_Paper_Flat_C","Common","https://cdn.nw-buddy.de/nw-data/live/lyshineui/images/icons/items/housingitem/house_housingitem_paper_flat_c.webp"
"To-Do List","House_HousingItem_Paper_FlatThin_A","Common","https://cdn.nw-buddy.de/nw-data/live/lyshineui/images/icons/items/housingitem/house_housingitem_paper_flatthin_a.webp"
"Impossible Geometry Notes","House_HousingItem_Paper_FlatThin_B","Common","https://cdn.nw-buddy.de/nw-data/live/lyshineui/images/icons/items/housingitem/house_housingitem_paper_flatthin_b.webp"
"Passive-aggressive Wall Note","House_HousingItem_Paper_Seal_A","Common","https://cdn.nw-buddy.de/nw-data/live/lyshineui/images/icons/items/housingitem/house_housingitem_paper_seal_a.webp"
"Unpaid Parking Tickets","House_HousingItem_Paper_Seal_E","Common","https://cdn.nw-buddy.de/nw-data/live/lyshineui/images/icons/items/housingitem/house_housingitem_paper_seal_e.webp"
"Paper-wrapped Parcel","House_HousingItem_PaperParcels_C","Common","https://cdn.nw-buddy.de/nw-data/live/lyshineui/images/icons/items/housingitem/house_housingitem_paperparcels_c.webp"
"Very Important Papers","House_HousingItem_PaperParcels_D","Common","https://cdn.nw-buddy.de/nw-data/live/lyshineui/images/icons/items/housingitem/house_housingitem_paperparcels_d.webp"
"Powder Horn","House_HousingItem_PowderHorn","Uncommon","https://cdn.nw-buddy.de/nw-data/live/lyshineui/images/icons/items/housingitem/house_housingitem_powderhorn.webp"
"Small Drum","House_HousingItem_PrimalDrumSmall","Uncommon","https://cdn.nw-buddy.de/nw-data/live/lyshineui/images/icons/items/housingitem/house_housingitem_primaldrumsmall.webp"
"Hanging Pottery","House_HousingItem_PrimalPottery_A_Hang","Common","https://cdn.nw-buddy.de/nw-data/live/lyshineui/images/icons/items/housingitem/house_housingitem_primalpottery_a_hang.webp"
"Round Birdcage","House_HousingItem_RoundBirdCage","Uncommon","https://cdn.nw-buddy.de/nw-data/live/lyshineui/images/icons/items/housingitem/house_housingitem_roundbirdcage.webp"
"Brown Bear Pelt Rug","House_HousingItem_Rug_BearPelt","Rare","https://cdn.nw-buddy.de/nw-data/live/lyshineui/images/icons/items/housingitem/house_housingitem_rug_bearpelt.webp"
"Fraying Cloth Rug","House_HousingItem_Rug_Cloth_Flat_A","Common","https://cdn.nw-buddy.de/nw-data/live/lyshineui/images/icons/items/housingitem/house_housingitem_rug_cloth_flat_a.webp"
"Fishnet Rug","House_HousingItem_Rug_FishingNet_B","Common","https://cdn.nw-buddy.de/nw-data/live/lyshineui/images/icons/items/housingitem/house_housingitem_rug_fishingnet_b.webp"
"Rustic Wooden Scrollcase","House_HousingItem_ScrollBookcase_Lg","Uncommon","https://cdn.nw-buddy.de/nw-data/live/lyshineui/images/icons/items/housingitem/house_housingitem_scrollbookcase_lg.webp"
"Rickety Wooden Wall Shelf","House_HousingItem_SingleShelf_A","Common","https://cdn.nw-buddy.de/nw-data/live/lyshineui/images/icons/items/housingitem/house_housingitem_singleshelf_a.webp"
"Small Rustic Cabinet","House_HousingItem_SmallAlchemyCabinet","Uncommon","https://cdn.nw-buddy.de/nw-data/live/lyshineui/images/icons/items/housingitem/house_housingitem_smallalchemycabinet.webp"
"Rustic Stone Stove","House_HousingItem_StoneFurnace_Alchemy","Epic","https://cdn.nw-buddy.de/nw-data/live/lyshineui/images/icons/items/housingitem/house_housingitem_stonefurnace_alchemy.webp"
"Hewn Log Storage Chest","House_HousingItem_Storage_T1_ChestOldLog","Common","https://cdn.nw-buddy.de/nw-data/live/lyshineui/images/icons/items/housingitem/house_housingitem_storage_t1_chestoldlog.webp"
"Old Wood Storage Chest","House_HousingItem_Storage_T1_ChestOldWood","Common","https://cdn.nw-buddy.de/nw-data/live/lyshineui/images/icons/items/housingitem/house_housingitem_storage_t1_chestoldwood.webp"
"Mossy Rock Storage Chest","House_HousingItem_Storage_T1_ChestRock","Common","https://cdn.nw-buddy.de/nw-data/live/lyshineui/images/icons/items/housingitem/house_housingitem_storage_t1_chestrock.webp"
"Iron Storage Chest","House_HousingItem_Storage_T2_ChestIron","Uncommon","https://cdn.nw-buddy.de/nw-data/live/lyshineui/images/icons/items/housingitem/house_housingitem_storage_t2_chestiron.webp"
"Hunter Storage Chest","House_HousingItem_Storage_T2_ChestPrimal","Uncommon","https://cdn.nw-buddy.de/nw-data/live/lyshineui/images/icons/items/housingitem/house_housingitem_storage_t2_chestprimal.webp"
"Stone Storage Chest","House_HousingItem_Storage_T2_ChestStone","Uncommon","https://cdn.nw-buddy.de/nw-data/live/lyshineui/images/icons/items/housingitem/house_housingitem_storage_t2_cheststone.webp"
"Polished Marble Storage Chest","House_HousingItem_Storage_T4_ChestAncient","Epic","https://cdn.nw-buddy.de/nw-data/live/lyshineui/images/icons/items/housingitem/house_housingitem_storage_t4_chestancient.webp"
"Cursed Storage Chest","House_HousingItem_Storage_T4_ChestMacab","Epic","https://cdn.nw-buddy.de/nw-data/live/lyshineui/images/icons/items/housingitem/house_housingitem_storage_t4_chestmacab.webp"
"Defiled Storage Chest of the Hare","House_HousingItem_Storage_T4_ChestRabbit","Epic","https://cdn.nw-buddy.de/nw-data/live/lyshineui/images/icons/items/housingitem/house_housingitem_storage_t4_chestrabbit.webp"
"Golden Steel Storage Chest","House_HousingItem_Storage_T4_ChestSteel","Epic","https://cdn.nw-buddy.de/nw-data/live/lyshineui/images/icons/items/housingitem/house_housingitem_storage_t4_cheststeel.webp"
"Old Wood Dining Table","House_HousingItem_Table_DinTable_Lg_A","Uncommon","https://cdn.nw-buddy.de/nw-data/live/lyshineui/images/icons/items/housingitem/house_housingitem_table_dintable_lg_a.webp"
"Tree Stump Table","House_HousingItem_Table_LogTable","Common","https://cdn.nw-buddy.de/nw-data/live/lyshineui/images/icons/items/housingitem/house_housingitem_table_logtable.webp"
"Tree Stump Side Table","House_HousingItem_Table_LogTableStump","Common","https://cdn.nw-buddy.de/nw-data/live/lyshineui/images/icons/items/housingitem/house_housingitem_table_logtablestump.webp"
"Wooden Side Desk","House_HousingItem_Table_SideDesk_Md","Common","https://cdn.nw-buddy.de/nw-data/live/lyshineui/images/icons/items/housingitem/house_housingitem_table_sidedesk_md.webp"
"Rickety Twig Table","House_HousingItem_Table_TableSmallA","Common","https://cdn.nw-buddy.de/nw-data/live/lyshineui/images/icons/items/housingitem/house_housingitem_table_tablesmalla.webp"
"Target Dummy","House_HousingItem_TargetDummy","Rare","https://cdn.nw-buddy.de/nw-data/live/lyshineui/images/icons/items/housingitem/house_housingitem_targetdummy.webp"
"Tarnished Silver Teacup","House_HousingItem_UiDrink_Tea_T3","Rare","https://cdn.nw-buddy.de/nw-data/live/lyshineui/images/icons/items/housingitem/house_housingitem_uidrink_tea_t3.webp"
"Tall Green Ivy Trellis","House_HousingItem_Vegetation_Vines_Med_A","Uncommon","https://cdn.nw-buddy.de/nw-data/live/lyshineui/images/icons/items/housingitem/house_housingitem_vegetation_vines_med_a.webp"
"Tall Pink Mandevilla Trellis","House_HousingItem_Vegetation_Vines_Med_B","Rare","https://cdn.nw-buddy.de/nw-data/live/lyshineui/images/icons/items/housingitem/house_housingitem_vegetation_vines_med_b.webp"
"Tall Red Cypress Trellis","House_HousingItem_Vegetation_Vines_Med_C","Uncommon","https://cdn.nw-buddy.de/nw-data/live/lyshineui/images/icons/items/housingitem/house_housingitem_vegetation_vines_med_c.webp"
"Tall Orange Hibiscus Trellis","House_HousingItem_Vegetation_Vines_Med_D","Uncommon","https://cdn.nw-buddy.de/nw-data/live/lyshineui/images/icons/items/housingitem/house_housingitem_vegetation_vines_med_d.webp"
"Tall White Moonflower Trellis","House_HousingItem_Vegetation_Vines_Med_E","Rare","https://cdn.nw-buddy.de/nw-data/live/lyshineui/images/icons/items/housingitem/house_housingitem_vegetation_vines_med_e.webp"
"Tall Purple Wisteria Trellis","House_HousingItem_Vegetation_Vines_Med_F","Epic","https://cdn.nw-buddy.de/nw-data/live/lyshineui/images/icons/items/housingitem/house_housingitem_vegetation_vines_med_f.webp"
"Short Green Ivy Trellis","House_HousingItem_Vegetation_Vines_Sm_A","Uncommon","https://cdn.nw-buddy.de/nw-data/live/lyshineui/images/icons/items/housingitem/house_housingitem_vegetation_vines_sm_a.webp"
"Short Pink Mandevilla Trellis","House_HousingItem_Vegetation_Vines_Sm_B","Rare","https://cdn.nw-buddy.de/nw-data/live/lyshineui/images/icons/items/housingitem/house_housingitem_vegetation_vines_sm_b.webp"
"Short Red Cypress Trellis","House_HousingItem_Vegetation_Vines_Sm_C","Uncommon","https://cdn.nw-buddy.de/nw-data/live/lyshineui/images/icons/items/housingitem/house_housingitem_vegetation_vines_sm_c.webp"
"Short Orange Hibiscus Trellis","House_HousingItem_Vegetation_Vines_Sm_D","Uncommon","https://cdn.nw-buddy.de/nw-data/live/lyshineui/images/icons/items/housingitem/house_housingitem_vegetation_vines_sm_d.webp"
"Short White Moonflower Trellis","House_HousingItem_Vegetation_Vines_Sm_E","Rare","https://cdn.nw-buddy.de/nw-data/live/lyshineui/images/icons/items/housingitem/house_housingitem_vegetation_vines_sm_e.webp"
"Short Purple Wisteria Trellis","House_HousingItem_Vegetation_Vines_Sm_F","Epic","https://cdn.nw-buddy.de/nw-data/live/lyshineui/images/icons/items/housingitem/house_housingitem_vegetation_vines_sm_f.webp"
"Broken Chime Post","House_HousingItem_Windchimes_Post_C","Uncommon","https://cdn.nw-buddy.de/nw-data/live/lyshineui/images/icons/items/housingitem/house_housingitem_windchimes_post_c.webp"
"Lucky Wyrdwood","House_HousingItem_WindswardQst_WyrdwoodPlant01_A","Rare","https://cdn.nw-buddy.de/nw-data/live/lyshineui/images/icons/items/housingitem/house_housingitem_windswardqst_wyrdwoodplant01_a.webp"
"Potted Wyrdwood","House_HousingItem_WindswardQst_WyrdwoodPlant01_B","Rare","https://cdn.nw-buddy.de/nw-data/live/lyshineui/images/icons/items/housingitem/house_housingitem_windswardqst_wyrdwoodplant01_b.webp"
"Song of the Wyrdwoods","House_HousingItem_WindswardQst_WyrdwoodPlant01_C","Rare","https://cdn.nw-buddy.de/nw-data/live/lyshineui/images/icons/items/housingitem/house_housingitem_windswardqst_wyrdwoodplant01_c.webp"
"Open Book","House_HousingItem_Writing_OpenBook","Common","https://cdn.nw-buddy.de/nw-data/live/lyshineui/images/icons/items/housingitem/house_housingitem_writing_openbook.webp"
"Sealed Scrolls","House_HousingItem_Writing_ScrollStack_A","Common","https://cdn.nw-buddy.de/nw-data/live/lyshineui/images/icons/items/housingitem/house_housingitem_writing_scrollstack_a.webp"
"Minor Arcana Crafting Trophy","House_HousingItem_Buff_Alchemy_Bonus_T1","Uncommon","https://cdn.nw-buddy.de/nw-data/live/lyshineui/images/icons/items/housingitem/house_housingitem_buff_alchemy_bonus_t1.webp"
"Basic Arcana Crafting Trophy","House_HousingItem_Buff_Alchemy_Bonus_T2","Rare","https://cdn.nw-buddy.de/nw-data/live/lyshineui/images/icons/items/housingitem/house_housingitem_buff_alchemy_bonus_t2.webp"
"Major Arcana Crafting Trophy","House_HousingItem_Buff_Alchemy_Bonus_T3","Epic","https://cdn.nw-buddy.de/nw-data/live/lyshineui/images/icons/items/housingitem/house_housingitem_buff_alchemy_bonus_t3.webp"
"Minor Weaponsmithing Crafting Trophy","House_HousingItem_Buff_Blacksmithing_Bonus_T1","Uncommon","https://cdn.nw-buddy.de/nw-data/live/lyshineui/images/icons/items/housingitem/house_housingitem_buff_blacksmithing_bonus_t1.webp"
"Basic Weaponsmithing Crafting Trophy","House_HousingItem_Buff_Blacksmithing_Bonus_T2","Rare","https://cdn.nw-buddy.de/nw-data/live/lyshineui/images/icons/items/housingitem/house_housingitem_buff_blacksmithing_bonus_t2.webp"
"Major Weaponsmithing Crafting Trophy","House_HousingItem_Buff_Blacksmithing_Bonus_T3","Epic","https://cdn.nw-buddy.de/nw-data/live/lyshineui/images/icons/items/housingitem/house_housingitem_buff_blacksmithing_bonus_t3.webp"
"Minor Cooking Crafting Trophy","House_HousingItem_Buff_Cooking_Bonus_T1","Uncommon","https://cdn.nw-buddy.de/nw-data/live/lyshineui/images/icons/items/housingitem/house_housingitem_buff_cooking_bonus_t1.webp"
"Basic Cooking Crafting Trophy","House_HousingItem_Buff_Cooking_Bonus_T2","Rare","https://cdn.nw-buddy.de/nw-data/live/lyshineui/images/icons/items/housingitem/house_housingitem_buff_cooking_bonus_t2.webp"
"Major Cooking Crafting Trophy","House_HousingItem_Buff_Cooking_Bonus_T3","Epic","https://cdn.nw-buddy.de/nw-data/live/lyshineui/images/icons/items/housingitem/house_housingitem_buff_cooking_bonus_t3.webp"
"Bloodied Ancient Combat Trophy","House_HousingItem_Buff_Damage_Vs_Ancients_T0","Uncommon","https://cdn.nw-buddy.de/nw-data/live/lyshineui/images/icons/items/housingitem/house_housingitem_buff_damage_vs_ancients_t1.webp"
"Minor Ancients Combat Trophy","House_HousingItem_Buff_Damage_Vs_Ancients_T1","Uncommon","https://cdn.nw-buddy.de/nw-data/live/lyshineui/images/icons/items/housingitem/house_housingitem_buff_damage_vs_ancients_t1.webp"
"Basic Ancients Combat Trophy","House_HousingItem_Buff_Damage_Vs_Ancients_T2","Rare","https://cdn.nw-buddy.de/nw-data/live/lyshineui/images/icons/items/housingitem/house_housingitem_buff_damage_vs_ancients_t2.webp"
"Major Ancients Combat Trophy","House_HousingItem_Buff_Damage_Vs_Ancients_T3","Epic","https://cdn.nw-buddy.de/nw-data/live/lyshineui/images/icons/items/housingitem/house_housingitem_buff_damage_vs_ancients_t3.webp"
"Minor Angry Earth Combat Trophy","House_HousingItem_Buff_Damage_Vs_AngryEarth_T1","Uncommon","https://cdn.nw-buddy.de/nw-data/live/lyshineui/images/icons/items/housingitem/house_housingitem_buff_damage_vs_angryearth_t1.webp"
"Basic Angry Earth Combat Trophy","House_HousingItem_Buff_Damage_Vs_AngryEarth_T2","Rare","https://cdn.nw-buddy.de/nw-data/live/lyshineui/images/icons/items/housingitem/house_housingitem_buff_damage_vs_angryearth_t2.webp"
"Major Angry Earth Combat Trophy","House_HousingItem_Buff_Damage_Vs_AngryEarth_T3","Epic","https://cdn.nw-buddy.de/nw-data/live/lyshineui/images/icons/items/housingitem/house_housingitem_buff_damage_vs_angryearth_t3.webp"
"Bloodied Beast Combat Trophy","House_HousingItem_Buff_Damage_Vs_Beasts_T0","Uncommon","https://cdn.nw-buddy.de/nw-data/live/lyshineui/images/icons/items/housingitem/house_housingitem_buff_damage_vs_beasts_t1.webp"
"Minor Wildlife Combat Trophy","House_HousingItem_Buff_Damage_Vs_Beasts_T1","Uncommon","https://cdn.nw-buddy.de/nw-data/live/lyshineui/images/icons/items/housingitem/house_housingitem_buff_damage_vs_beasts_t1.webp"
"Basic Wildlife Combat Trophy","House_HousingItem_Buff_Damage_Vs_Beasts_T2","Rare","https://cdn.nw-buddy.de/nw-data/live/lyshineui/images/icons/items/housingitem/house_housingitem_buff_damage_vs_beasts_t2.webp"
"Major Wildlife Combat Trophy","House_HousingItem_Buff_Damage_Vs_Beasts_T3","Epic","https://cdn.nw-buddy.de/nw-data/live/lyshineui/images/icons/items/housingitem/house_housingitem_buff_damage_vs_beasts_t3.webp"
"Bloodied Corrupted Combat Trophy","House_HousingItem_Buff_Damage_Vs_Corrupted_T0","Uncommon","https://cdn.nw-buddy.de/nw-data/live/lyshineui/images/icons/items/housingitem/house_housingitem_buff_damage_vs_corrupted_t1.webp"
"Minor Corrupted Combat Trophy","House_HousingItem_Buff_Damage_Vs_Corrupted_T1","Uncommon","https://cdn.nw-buddy.de/nw-data/live/lyshineui/images/icons/items/housingitem/house_housingitem_buff_damage_vs_corrupted_t1.webp"
"Basic Corrupted Combat Trophy","House_HousingItem_Buff_Damage_Vs_Corrupted_T2","Rare","https://cdn.nw-buddy.de/nw-data/live/lyshineui/images/icons/items/housingitem/house_housingitem_buff_damage_vs_corrupted_t2.webp"
"Major Corrupted Combat Trophy","House_HousingItem_Buff_Damage_Vs_Corrupted_T3","Epic","https://cdn.nw-buddy.de/nw-data/live/lyshineui/images/icons/items/housingitem/house_housingitem_buff_damage_vs_corrupted_t3.webp"
"Bloodied Lost Combat Trophy","House_HousingItem_Buff_Damage_Vs_Lost_T0","Uncommon","https://cdn.nw-buddy.de/nw-data/live/lyshineui/images/icons/items/housingitem/house_housingitem_buff_damage_vs_lost_t1.webp"
"Minor Lost Combat Trophy","House_HousingItem_Buff_Damage_Vs_Lost_T1","Uncommon","https://cdn.nw-buddy.de/nw-data/live/lyshineui/images/icons/items/housingitem/house_housingitem_buff_damage_vs_lost_t1.webp"
"Basic Lost Combat Trophy","House_HousingItem_Buff_Damage_Vs_Lost_T2","Rare","https://cdn.nw-buddy.de/nw-data/live/lyshineui/images/icons/items/housingitem/house_housingitem_buff_damage_vs_lost_t2.webp"
"Major Lost Combat Trophy","House_HousingItem_Buff_Damage_Vs_Lost_T3","Epic","https://cdn.nw-buddy.de/nw-data/live/lyshineui/images/icons/items/housingitem/house_housingitem_buff_damage_vs_lost_t3.webp"
"Minor Human Combat Trophy","House_HousingItem_Buff_Damage_Vs_Varangian_T1","Uncommon","https://cdn.nw-buddy.de/nw-data/live/lyshineui/images/icons/items/housingitem/house_housingitem_buff_damage_vs_varangian_t1.webp"
"Basic Human Combat Trophy","House_HousingItem_Buff_Damage_Vs_Varangian_T2","Rare","https://cdn.nw-buddy.de/nw-data/live/lyshineui/images/icons/items/housingitem/house_housingitem_buff_damage_vs_varangian_t2.webp"
"Major Human Combat Trophy","House_HousingItem_Buff_Damage_Vs_Varangian_T3","Epic","https://cdn.nw-buddy.de/nw-data/live/lyshineui/images/icons/items/housingitem/house_housingitem_buff_damage_vs_varangian_t3.webp"
"Minor Engineering Crafting Trophy","House_HousingItem_Buff_Engineering_Bonus_T1","Uncommon","https://cdn.nw-buddy.de/nw-data/live/lyshineui/images/icons/items/housingitem/house_housingitem_buff_engineering_bonus_t1.webp"
"Basic Engineering Crafting Trophy","House_HousingItem_Buff_Engineering_Bonus_T2","Rare","https://cdn.nw-buddy.de/nw-data/live/lyshineui/images/icons/items/housingitem/house_housingitem_buff_engineering_bonus_t2.webp"
"Major Engineering Crafting Trophy","House_HousingItem_Buff_Engineering_Bonus_T3","Epic","https://cdn.nw-buddy.de/nw-data/live/lyshineui/images/icons/items/housingitem/house_housingitem_buff_engineering_bonus_t3.webp"
"Minor Fishing Gathering Trophy","House_HousingItem_Buff_Fishing_Bonus_T1","Uncommon","https://cdn.nw-buddy.de/nw-data/live/lyshineui/images/icons/items/housingitem/house_housingitem_buff_fishing_bonus_t1.webp"
"Basic Fishing Gathering Trophy","House_HousingItem_Buff_Fishing_Bonus_T2","Rare","https://cdn.nw-buddy.de/nw-data/live/lyshineui/images/icons/items/housingitem/house_housingitem_buff_fishing_bonus_t2.webp"
"Major Fishing Gathering Trophy","House_HousingItem_Buff_Fishing_Bonus_T3","Epic","https://cdn.nw-buddy.de/nw-data/live/lyshineui/images/icons/items/housingitem/house_housingitem_buff_fishing_bonus_t3.webp"
"Minor Harvesting Gathering Trophy","House_HousingItem_Buff_Harvesting_Bonus_T1","Uncommon","https://cdn.nw-buddy.de/nw-data/live/lyshineui/images/icons/items/housingitem/house_housingitem_buff_harvesting_bonus_t1.webp"
"Basic Harvesting Gathering Trophy","House_HousingItem_Buff_Harvesting_Bonus_T2","Rare","https://cdn.nw-buddy.de/nw-data/live/lyshineui/images/icons/items/housingitem/house_housingitem_buff_harvesting_bonus_t2.webp"
"Major Harvesting Gathering Trophy","House_HousingItem_Buff_Harvesting_Bonus_T3","Epic","https://cdn.nw-buddy.de/nw-data/live/lyshineui/images/icons/items/housingitem/house_housingitem_buff_harvesting_bonus_t3.webp"
"Minor Logging Gathering Trophy","House_HousingItem_Buff_Logging_Bonus_T1","Uncommon","https://cdn.nw-buddy.de/nw-data/live/lyshineui/images/icons/items/housingitem/house_housingitem_buff_logging_bonus_t1.webp"
"Basic Logging Gathering Trophy","House_HousingItem_Buff_Logging_Bonus_T2","Rare","https://cdn.nw-buddy.de/nw-data/live/lyshineui/images/icons/items/housingitem/house_housingitem_buff_logging_bonus_t2.webp"
"Major Logging Gathering Trophy","House_HousingItem_Buff_Logging_Bonus_T3","Epic","https://cdn.nw-buddy.de/nw-data/live/lyshineui/images/icons/items/housingitem/house_housingitem_buff_logging_bonus_t3.webp"
"Minor Loot Luck Trophy","House_HousingItem_Buff_Luck_Bonus_T1","Rare","https://cdn.nw-buddy.de/nw-data/live/lyshineui/images/icons/items/housingitem/house_housingitem_buff_luck_bonus_t1.webp"
"Basic Loot Luck Trophy","House_HousingItem_Buff_Luck_Bonus_T2","Epic","https://cdn.nw-buddy.de/nw-data/live/lyshineui/images/icons/items/housingitem/house_housingitem_buff_luck_bonus_t2.webp"
"Major Loot Luck Trophy","House_HousingItem_Buff_Luck_Bonus_T3","Legendary","https://cdn.nw-buddy.de/nw-data/live/lyshineui/images/icons/items/housingitem/house_housingitem_buff_luck_bonus_t3.webp"
"Minor Mining Gathering Trophy","House_HousingItem_Buff_Mining_Bonus_T1","Uncommon","https://cdn.nw-buddy.de/nw-data/live/lyshineui/images/icons/items/housingitem/house_housingitem_buff_mining_bonus_t1.webp"
"Basic Mining Gathering Trophy","House_HousingItem_Buff_Mining_Bonus_T2","Rare","https://cdn.nw-buddy.de/nw-data/live/lyshineui/images/icons/items/housingitem/house_housingitem_buff_mining_bonus_t2.webp"
"Major Mining Gathering Trophy","House_HousingItem_Buff_Mining_Bonus_T3","Epic","https://cdn.nw-buddy.de/nw-data/live/lyshineui/images/icons/items/housingitem/house_housingitem_buff_mining_bonus_t3.webp"
"Minor Armoring Crafting Trophy","House_HousingItem_Buff_Outfitting_Bonus_T1","Uncommon","https://cdn.nw-buddy.de/nw-data/live/lyshineui/images/icons/items/housingitem/house_housingitem_buff_outfitting_bonus_t1.webp"
"Basic Armoring Crafting Trophy","House_HousingItem_Buff_Outfitting_Bonus_T2","Rare","https://cdn.nw-buddy.de/nw-data/live/lyshineui/images/icons/items/housingitem/house_housingitem_buff_outfitting_bonus_t2.webp"
"Major Armoring Crafting Trophy","House_HousingItem_Buff_Outfitting_Bonus_T3","Epic","https://cdn.nw-buddy.de/nw-data/live/lyshineui/images/icons/items/housingitem/house_housingitem_buff_outfitting_bonus_t3.webp"
"Minor Skinning Gathering Trophy","House_HousingItem_Buff_Skinning_Bonus_T1","Uncommon","https://cdn.nw-buddy.de/nw-data/live/lyshineui/images/icons/items/housingitem/house_housingitem_buff_skinning_bonus_t1.webp"
"Basic Skinning Gathering Trophy","House_HousingItem_Buff_Skinning_Bonus_T2","Rare","https://cdn.nw-buddy.de/nw-data/live/lyshineui/images/icons/items/housingitem/house_housingitem_buff_skinning_bonus_t2.webp"
"Major Skinning Gathering Trophy","House_HousingItem_Buff_Skinning_Bonus_T3","Epic","https://cdn.nw-buddy.de/nw-data/live/lyshineui/images/icons/items/housingitem/house_housingitem_buff_skinning_bonus_t3.webp"
"Ultimate Combat Trophy","House_HousingItem_Buff_Uber_Combat","Legendary","https://cdn.nw-buddy.de/nw-data/live/lyshineui/images/icons/items/housingitem/house_housingitem_buff_uber_combat.webp"
"Ultimate Crafting Trophy","House_HousingItem_Buff_Uber_Crafting","Legendary","https://cdn.nw-buddy.de/nw-data/live/lyshineui/images/icons/items/housingitem/house_housingitem_buff_uber_crafting.webp"
"Ultimate Gathering Trophy","House_HousingItem_Buff_Uber_Gathering","Legendary","https://cdn.nw-buddy.de/nw-data/live/lyshineui/images/icons/items/housingitem/house_housingitem_buff_uber_gathering.webp"
"Special Aeternum Sturgeon Fishing Trophy","House_HousingItem_Buff_SPECIAL_Fishing_ASturgeon_T1","Legendary","https://cdn.nw-buddy.de/nw-data/live/lyshineui/images/icons/items/housingitem/house_housingitem_buff_special_fishing_asturgeon_t1.webp"
"Feast-o-Plenty Food Trophy","House_HousingItem_Buff_SPECIAL_Food_TurkeyTerror_T1","Legendary","https://cdn.nw-buddy.de/nw-data/live/lyshineui/images/icons/items/housingitem/house_housingitem_buff_special_food_turkeyterror_t1.webp"
"Commemorative Trophy of Fire and Fellowship","House_HousingItem_Buff_SPECIAL_Season1_T1","Legendary","https://cdn.nw-buddy.de/nw-data/live/lyshineui/images/icons/items/housingitem/house_housingitem_buff_special_season1_t1.webp"
"Scenic Painting of Lycopolis","House_HousingItem_ExploreVista_Painting_EastBrimstone01","Epic","https://cdn.nw-buddy.de/nw-data/live/lyshineui/images/icons/items/housingitem/house_housingitem_explorevista_painting_eastbrimstone01.webp"
"Scenic Painting of the Deadwater Wastes","House_HousingItem_ExploreVista_Painting_EastBrimstone02","Epic","https://cdn.nw-buddy.de/nw-data/live/lyshineui/images/icons/items/housingitem/house_housingitem_explorevista_painting_eastbrimstone02.webp"
"Scenic Painting of the Frosted Floe","House_HousingItem_ExploreVista_Painting_EastCleave01","Uncommon","https://cdn.nw-buddy.de/nw-data/live/lyshineui/images/icons/items/housingitem/house_housingitem_explorevista_painting_eastcleave01.webp"
"Scenic Painting of Gefyra Bridge","House_HousingItem_ExploreVista_Painting_EastCutlass01","Uncommon","https://cdn.nw-buddy.de/nw-data/live/lyshineui/images/icons/items/housingitem/house_housingitem_explorevista_painting_eastcutlass01.webp"
"Scenic Painting of the Primal Lochan","House_HousingItem_ExploreVista_Painting_EastEdengrove01","Rare","https://cdn.nw-buddy.de/nw-data/live/lyshineui/images/icons/items/housingitem/house_housingitem_explorevista_painting_eastedengrove01.webp"
"Scenic Painting of Valle Tempus","House_HousingItem_ExploreVista_Painting_EastEverfall01","Common","https://cdn.nw-buddy.de/nw-data/live/lyshineui/images/icons/items/housingitem/house_housingitem_explorevista_painting_easteverfall01.webp"
"Scenic Painting of Shattered Mountain","House_HousingItem_ExploreVista_Painting_EastShattered01","Epic","https://cdn.nw-buddy.de/nw-data/live/lyshineui/images/icons/items/housingitem/house_housingitem_explorevista_painting_eastshattered01.webp"
"Scenic Painting of the Bubbly Bay","House_HousingItem_ExploreVista_Painting_MidRestless01","Epic","https://cdn.nw-buddy.de/nw-data/live/lyshineui/images/icons/items/housingitem/house_housingitem_explorevista_painting_midrestless01.webp"
"Scenic Painting of Brightwatch","House_HousingItem_ExploreVista_Painting_NorthBrightwood01","Uncommon","https://cdn.nw-buddy.de/nw-data/live/lyshineui/images/icons/items/housingitem/house_housingitem_explorevista_painting_northbrightwood01.webp"
"Scenic Painting of Skysong Lagoon","House_HousingItem_ExploreVista_Painting_NorthEbonscale01","Rare","https://cdn.nw-buddy.de/nw-data/live/lyshineui/images/icons/items/housingitem/house_housingitem_explorevista_painting_northebonscale01.webp"
"Scenic Painting of Old Northfork","House_HousingItem_ExploreVista_Painting_NorthFirstLight01","Common","https://cdn.nw-buddy.de/nw-data/live/lyshineui/images/icons/items/housingitem/house_housingitem_explorevista_painting_northfirstlight01.webp"
"Scenic Painting of Antares","House_HousingItem_ExploreVista_Painting_NorthMonarchs01","Uncommon","https://cdn.nw-buddy.de/nw-data/live/lyshineui/images/icons/items/housingitem/house_housingitem_explorevista_painting_northmonarchs01.webp"
"Scenic Painting of the Eternal Pool","House_HousingItem_ExploreVista_Painting_NorthReekwater01","Epic","https://cdn.nw-buddy.de/nw-data/live/lyshineui/images/icons/items/housingitem/house_housingitem_explorevista_painting_northreekwater01.webp"
"Scenic Painting of Fay's Sorrow","House_HousingItem_ExploreVista_Painting_NorthWeavers01","Uncommon","https://cdn.nw-buddy.de/nw-data/live/lyshineui/images/icons/items/housingitem/house_housingitem_explorevista_painting_northweavers01.webp"
"Scenic Painting of Soddenswale","House_HousingItem_ExploreVista_Painting_NorthWeavers02","Uncommon","https://cdn.nw-buddy.de/nw-data/live/lyshineui/images/icons/items/housingitem/house_housingitem_explorevista_painting_northweavers02.webp"
"Scenic Painting of Amrine Temple","House_HousingItem_ExploreVista_Painting_NorthWindsward01","Common","https://cdn.nw-buddy.de/nw-data/live/lyshineui/images/icons/items/housingitem/house_housingitem_explorevista_painting_northwindsward01.webp"
"Scenic Painting of the Elin River","House_HousingItem_ExploreVista_Painting_NorthWindsward02","Common","https://cdn.nw-buddy.de/nw-data/live/lyshineui/images/icons/items/housingitem/house_housingitem_explorevista_painting_northwindsward02.webp"
"Scenic Painting of the Azoth Tree","House_HousingItem_ExploreVista_Painting_SouthBrightwood01","Uncommon","https://cdn.nw-buddy.de/nw-data/live/lyshineui/images/icons/items/housingitem/house_housingitem_explorevista_painting_southbrightwood01.webp"
"Scenic Painting of the Imperial Palace","House_HousingItem_ExploreVista_Painting_SouthEbonscale01","Rare","https://cdn.nw-buddy.de/nw-data/live/lyshineui/images/icons/items/housingitem/house_housingitem_explorevista_painting_southebonscale01.webp"
"Scenic Painting of Old Elder's Bluff","House_HousingItem_ExploreVista_Painting_SouthFirstLight01","Common","https://cdn.nw-buddy.de/nw-data/live/lyshineui/images/icons/items/housingitem/house_housingitem_explorevista_painting_southfirstlight01.webp"
"Scenic Painting of Deadman's Anchor","House_HousingItem_ExploreVista_Painting_SouthMonarchs01","Common","https://cdn.nw-buddy.de/nw-data/live/lyshineui/images/icons/items/housingitem/house_housingitem_explorevista_painting_southmonarchs01.webp"
"Scenic Painting of the Flooded Plains","House_HousingItem_ExploreVista_Painting_SouthMourningdale01","Rare","https://cdn.nw-buddy.de/nw-data/live/lyshineui/images/icons/items/housingitem/house_housingitem_explorevista_painting_southmourningdale01.webp"
"Scenic Painting of Lambent Muskeg","House_HousingItem_ExploreVista_Painting_SouthReekwater01","Epic","https://cdn.nw-buddy.de/nw-data/live/lyshineui/images/icons/items/housingitem/house_housingitem_explorevista_painting_southreekwater01.webp"
"Scenic Painting of the Neptune's Fury","House_HousingItem_ExploreVista_Painting_SouthRestless01","Uncommon","https://cdn.nw-buddy.de/nw-data/live/lyshineui/images/icons/items/housingitem/house_housingitem_explorevista_painting_southrestless01.webp"
"Scenic Painting of Infernal Host","House_HousingItem_ExploreVista_Painting_SouthShattered01","Epic","https://cdn.nw-buddy.de/nw-data/live/lyshineui/images/icons/items/housingitem/house_housingitem_explorevista_painting_southshattered01.webp"
"Scenic Painting of Mangled Heights","House_HousingItem_ExploreVista_Painting_WestCleave01","Rare","https://cdn.nw-buddy.de/nw-data/live/lyshineui/images/icons/items/housingitem/house_housingitem_explorevista_painting_westcleave01.webp"
"Scenic Painting of the Salty Marshes","House_HousingItem_ExploreVista_Painting_WestCutlass01","Common","https://cdn.nw-buddy.de/nw-data/live/lyshineui/images/icons/items/housingitem/house_housingitem_explorevista_painting_westcutlass01.webp"
"Scenic Painting from the Wyrdkissed Cliffs","House_HousingItem_ExploreVista_Painting_WestEdengrove01","Rare","https://cdn.nw-buddy.de/nw-data/live/lyshineui/images/icons/items/housingitem/house_housingitem_explorevista_painting_westedengrove01.webp"
"Scenic Painting of Stonereach","House_HousingItem_ExploreVista_Painting_WestEverfall01","Common","https://cdn.nw-buddy.de/nw-data/live/lyshineui/images/icons/items/housingitem/house_housingitem_explorevista_painting_westeverfall01.webp"
"Scenic Painting of Mourning Bridge","House_HousingItem_ExploreVista_Painting_WestMourningdale01","Rare","https://cdn.nw-buddy.de/nw-data/live/lyshineui/images/icons/items/housingitem/house_housingitem_explorevista_painting_westmourningdale01.webp"
"Taxidermied Blue-blooded Barb","House_HousingItem_Fishing_VeryRareFish_A3","Epic","https://cdn.nw-buddy.de/nw-data/live/lyshineui/images/icons/items/housingitem/house_housingitem_fishing_veryrarefish_a3.webp"
"Taxidermied Varanus Mandje","House_HousingItem_Fishing_VeryRareFish_B1","Epic","https://cdn.nw-buddy.de/nw-data/live/lyshineui/images/icons/items/housingitem/house_housingitem_fishing_veryrarefish_b1.webp"
"Taxidermied Daemonaja","House_HousingItem_Fishing_VeryRareFish_C1","Epic","https://cdn.nw-buddy.de/nw-data/live/lyshineui/images/icons/items/housingitem/house_housingitem_fishing_veryrarefish_c1.webp"
"Taxidermied Egede Serpe","House_HousingItem_Fishing_VeryRareFish_D3","Epic","https://cdn.nw-buddy.de/nw-data/live/lyshineui/images/icons/items/housingitem/house_housingitem_fishing_veryrarefish_d3.webp"
"Dusty Armadillo","House_HousingItem_Pet_Armadillo_Brown","Rare","https://cdn.nw-buddy.de/nw-data/live/lyshineui/images/icons/items/housingitem/house_housingitem_pet_armadillo_brown.webp"
"Woodland Mastiff","House_HousingItem_Pet_Entitlement_Mastiff","Rare","https://cdn.nw-buddy.de/nw-data/live/lyshineui/images/icons/items/housingitem/house_housingitem_pet_entitlement_mastiff.webp"
"Celestial Hare","House_HousingItem_Pet_Entitlement_Rabbit_Galaxy","Rare","https://cdn.nw-buddy.de/nw-data/live/lyshineui/images/icons/items/housingitem/house_housingitem_pet_entitlement_rabbit_galaxy.webp"
"Ashen Tiger","House_HousingItem_Pet_Entitlement_Tiger_Black","Rare","https://cdn.nw-buddy.de/nw-data/live/lyshineui/images/icons/items/housingitem/house_housingitem_pet_entitlement_tiger_black.webp"
"Silent Death Wolf","House_HousingItem_Pet_Entitlement_Wolf_Grim","Rare","https://cdn.nw-buddy.de/nw-data/live/lyshineui/images/icons/items/housingitem/house_housingitem_pet_entitlement_wolf_grim.webp"
"Domiciliary Brown Bobcat","House_HousingItem_Pet_LiveOps_Bobcat_Brown","Uncommon","https://cdn.nw-buddy.de/nw-data/live/lyshineui/images/icons/items/housingitem/house_housingitem_pet_liveops_bobcat_brown.webp"
"Domiciliary Brown Elk Stag","House_HousingItem_Pet_LiveOps_Deer_Brown","Uncommon","https://cdn.nw-buddy.de/nw-data/live/lyshineui/images/icons/items/housingitem/house_housingitem_pet_liveops_deer_brown.webp"
"Domiciliary Brown Elk Doe","House_HousingItem_Pet_LiveOps_Doe_Brown","Uncommon","https://cdn.nw-buddy.de/nw-data/live/lyshineui/images/icons/items/housingitem/house_housingitem_pet_liveops_doe_brown.webp"
"Domiciliary Brown Mastiff","House_HousingItem_Pet_LiveOps_Mastiff_Brown","Uncommon","https://cdn.nw-buddy.de/nw-data/live/lyshineui/images/icons/items/housingitem/house_housingitem_pet_liveops_mastiff_brown.webp"
"Domiciliary Pig Pink","House_HousingItem_Pet_LiveOps_Pig_Pink","Uncommon","https://cdn.nw-buddy.de/nw-data/live/lyshineui/images/icons/items/housingitem/house_housingitem_pet_liveops_pig_pink.webp"
"Domiciliary Brown Puma","House_HousingItem_Pet_LiveOps_Puma_Brown","Uncommon","https://cdn.nw-buddy.de/nw-data/live/lyshineui/images/icons/items/housingitem/house_housingitem_pet_liveops_puma_brown.webp"
"Domiciliary Brown Rabbit","House_HousingItem_Pet_LiveOps_Rabbit_Brown","Uncommon","https://cdn.nw-buddy.de/nw-data/live/lyshineui/images/icons/items/housingitem/house_housingitem_pet_liveops_rabbit_brown.webp"
"Domiciliary Brown Turkey","House_HousingItem_Pet_LiveOps_Turkey_Brown","Uncommon","https://cdn.nw-buddy.de/nw-data/live/lyshineui/images/icons/items/housingitem/house_housingitem_pet_liveops_turkey_brown.webp"
"Domiciliary Brown Wolf","House_HousingItem_Pet_LiveOps_Wolf_Brown","Uncommon","https://cdn.nw-buddy.de/nw-data/live/lyshineui/images/icons/items/housingitem/house_housingitem_pet_liveops_wolf_brown.webp"
"Barkimedes' Puppy","House_HousingItem_Pet_Mastiff","Rare","https://cdn.nw-buddy.de/nw-data/live/lyshineui/images/icons/items/housingitem/house_housingitem_pet_mastiff.webp"
"Dryad Grove Sapling","House_HousingItem_PVE_Arena_Dryad01","Epic","https://cdn.nw-buddy.de/nw-data/live/lyshineui/images/icons/items/housingitem/house_housingitem_pve_arena_dryad01.webp"
"Siren Queen’s Spear","House_HousingItem_PVE_Arena_Siren01","Epic","https://cdn.nw-buddy.de/nw-data/live/lyshineui/images/icons/items/housingitem/house_housingitem_pve_arena_siren01.webp"
"Severed Spriggan’s Claw","House_HousingItem_PVE_Arena_Spriggan01","Epic","https://cdn.nw-buddy.de/nw-data/live/lyshineui/images/icons/items/housingitem/house_housingitem_pve_arena_spriggan01.webp"
"Crossed Arena Great Axes","House_HousingItem_PVP_Arena_GreatAxe01","Epic","https://cdn.nw-buddy.de/nw-data/live/lyshineui/images/icons/items/housingitem/house_housingitem_pvp_arena_greataxe01.webp"
"Crossed Arena Hatchets","House_HousingItem_PVP_Arena_Hatchets01","Epic","https://cdn.nw-buddy.de/nw-data/live/lyshineui/images/icons/items/housingitem/house_housingitem_pvp_arena_hatchets01.webp"
"Mounted Arena Saber","House_HousingItem_PVP_Arena_Mntd_Sword01","Epic","https://cdn.nw-buddy.de/nw-data/live/lyshineui/images/icons/items/housingitem/house_housingitem_pvp_arena_mntd_sword01.webp"
"Riches from the Arenas","House_HousingItem_PVP_Arena_Riches_Pile01","Epic","https://cdn.nw-buddy.de/nw-data/live/lyshineui/images/icons/items/housingitem/house_housingitem_pvp_arena_riches_pile01.webp"
"Crossed Arena Swords","House_HousingItem_PVP_Arena_Swords01","Epic","https://cdn.nw-buddy.de/nw-data/live/lyshineui/images/icons/items/housingitem/house_housingitem_pvp_arena_swords01.webp"
"Mother's Love","House_HousingItem_Statue_MothersLove","Rare","https://cdn.nw-buddy.de/nw-data/live/lyshineui/images/icons/items/housingitem/house_housingitem_statue_motherslove.webp"
"Snowcapped Bed","House_HousingItem_Bed_HolidayConv2021_Bed01_A","Epic","https://cdn.nw-buddy.de/nw-data/live/lyshineui/images/icons/items/housingitem/house_housingitem_bed_holidayconv2021_bed01_a.webp"
"Snowcapped Chair","House_HousingItem_Chair_HolidayConv2021_Chair01_A","Uncommon","https://cdn.nw-buddy.de/nw-data/live/lyshineui/images/icons/items/housingitem/house_housingitem_chair_holidayconv2021_chair01_a.webp"
"Snowcapped Bookcase","House_HousingItem_HolidayConv2021_Bookcase01_A","Rare","https://cdn.nw-buddy.de/nw-data/live/lyshineui/images/icons/items/housingitem/house_housingitem_holidayconv2021_bookcase01_a.webp"
"Snowcapped Shelf","House_HousingItem_HolidayConv2021_Shelf01_A","Common","https://cdn.nw-buddy.de/nw-data/live/lyshineui/images/icons/items/housingitem/house_housingitem_holidayconv2021_shelf01_a.webp"
"Snowcapped Boar Sculpture","House_HousingItem_HolidayConv2021_Statue_Boar","Rare","https://cdn.nw-buddy.de/nw-data/live/lyshineui/images/icons/items/housingitem/house_housingitem_holidayconv2021_statue_boar.webp"
"Snowcapped Rabbit Sculpture","House_HousingItem_HolidayConv2021_Statue_Rabbit","Uncommon","https://cdn.nw-buddy.de/nw-data/live/lyshineui/images/icons/items/housingitem/house_housingitem_holidayconv2021_statue_rabbit.webp"
"Snowcapped Stag Sculpture","House_HousingItem_HolidayConv2021_Statue_Stag","Epic","https://cdn.nw-buddy.de/nw-data/live/lyshineui/images/icons/items/housingitem/house_housingitem_holidayconv2021_statue_stag.webp"
"Snowcapped Chandelier","House_HousingItem_Lighting_HolidayConv2021_LightHanging01_A","Epic","https://cdn.nw-buddy.de/nw-data/live/lyshineui/images/icons/items/housingitem/house_housingitem_lighting_holidayconv2021_lighthanging01_a.webp"
"Snowcapped Lantern","House_HousingItem_Lighting_HolidayConv2021_LightWall01_A","Uncommon","https://cdn.nw-buddy.de/nw-data/live/lyshineui/images/icons/items/housingitem/house_housingitem_lighting_holidayconv2021_lightwall01_a.webp"
"Festive ""Toy"" Rabbit","House_HousingItem_Pet_Entitlement_Rabbit_WindToy","Epic","https://cdn.nw-buddy.de/nw-data/live/lyshineui/images/icons/items/housingitem/house_housingitem_pet_entitlement_rabbit_windtoy.webp"
"Snowcapped Nightstand","House_HousingItem_Table_HolidayConv2021_BedSideTable01_A","Common","https://cdn.nw-buddy.de/nw-data/live/lyshineui/images/icons/items/housingitem/house_housingitem_table_holidayconv2021_bedsidetable01_a.webp"
"Snowcapped Dining Table","House_HousingItem_Table_HolidayConv2021_Table01_A","Rare","https://cdn.nw-buddy.de/nw-data/live/lyshineui/images/icons/items/housingitem/house_housingitem_table_holidayconv2021_table01_a.webp"
"Snowcapped Yeti Sculpture","House_HousingItem_HolidayConv2022_Statue_Yeti","Epic","https://cdn.nw-buddy.de/nw-data/live/lyshineui/images/icons/items/housingitem/house_housingitem_holidayconv2022_statue_yeti.webp"
"Wittl' Winter Whiskers","House_HousingItem_Pet_Holiday_BabyYeti_White","Epic","https://cdn.nw-buddy.de/nw-data/live/lyshineui/images/icons/items/housingitem/house_housingitem_pet_holiday_babyyeti_white.webp"
"Novelty Dancing Fish Dinner","House_HousingItem_Entitlement_HolidaySummer2022_SingingFish","Rare","https://cdn.nw-buddy.de/nw-data/live/lyshineui/images/icons/items/housingitem/house_housingitem_entitlement_holidaysummer2022_singingfish.webp"
"Summertime Marine Banner","House_HousingItem_HolidaySummer2022_Banner","Uncommon","https://cdn.nw-buddy.de/nw-data/live/lyshineui/images/icons/items/housingitem/house_housingitem_holidaysummer2022_banner.webp"
"Summertime Fish Grill","House_HousingItem_HolidaySummer2022_FirePit","Rare","https://cdn.nw-buddy.de/nw-data/live/lyshineui/images/icons/items/housingitem/house_housingitem_holidaysummer2022_firepit.webp"
"Horned-Tooth Mandje - Medium Memento","House_HousingItem_HolidaySummer2022_FishingAbaia01","Epic","https://cdn.nw-buddy.de/nw-data/live/lyshineui/images/icons/items/housingitem/house_housingitem_holidaysummer2022_fishingabaia01.webp"
"Anchor - Large Memento","House_HousingItem_HolidaySummer2022_FishingAnchor01","Common","https://cdn.nw-buddy.de/nw-data/live/lyshineui/images/icons/items/housingitem/house_housingitem_holidaysummer2022_fishinganchor01.webp"
"Albenaja - Large Memento","House_HousingItem_HolidaySummer2022_FishingAnglerfish01","Epic","https://cdn.nw-buddy.de/nw-data/live/lyshineui/images/icons/items/housingitem/house_housingitem_holidaysummer2022_fishinganglerfish01.webp"
"Bass - Small Memento","House_HousingItem_HolidaySummer2022_FishingBass01","Common","https://cdn.nw-buddy.de/nw-data/live/lyshineui/images/icons/items/housingitem/house_housingitem_holidaysummer2022_fishingbass01.webp"
"Abaia Serpe - Medium Memento","House_HousingItem_HolidaySummer2022_FishingBishopFish01","Epic","https://cdn.nw-buddy.de/nw-data/live/lyshineui/images/icons/items/housingitem/house_housingitem_holidaysummer2022_fishingbishopfish01.webp"
"Bluefish - Medium Memento","House_HousingItem_HolidaySummer2022_FishingBluefish01","Common","https://cdn.nw-buddy.de/nw-data/live/lyshineui/images/icons/items/housingitem/house_housingitem_holidaysummer2022_fishingbluefish01.webp"
"Catfish - Medium Memento","House_HousingItem_HolidaySummer2022_FishingCatfish01","Uncommon","https://cdn.nw-buddy.de/nw-data/live/lyshineui/images/icons/items/housingitem/house_housingitem_holidaysummer2022_fishingcatfish01.webp"
"Clam - Small Memento","House_HousingItem_HolidaySummer2022_FishingClam01","Uncommon","https://cdn.nw-buddy.de/nw-data/live/lyshineui/images/icons/items/housingitem/house_housingitem_holidaysummer2022_fishingclam01.webp"
"Cod - Medium Memento","House_HousingItem_HolidaySummer2022_FishingCod01","Uncommon","https://cdn.nw-buddy.de/nw-data/live/lyshineui/images/icons/items/housingitem/house_housingitem_holidaysummer2022_fishingcod01.webp"
"Dragon Fish - Small Memento","House_HousingItem_HolidaySummer2022_FishingDragonfish01","Rare","https://cdn.nw-buddy.de/nw-data/live/lyshineui/images/icons/items/housingitem/house_housingitem_holidaysummer2022_fishingdragonfish01.webp"
"Aquanaja - Large Memento","House_HousingItem_HolidaySummer2022_FishingEgedeSerpe01","Epic","https://cdn.nw-buddy.de/nw-data/live/lyshineui/images/icons/items/housingitem/house_housingitem_holidaysummer2022_fishingegedeserpe01.webp"
"Electric Eel - Medium Memento","House_HousingItem_HolidaySummer2022_FishingElectricEel01","Rare","https://cdn.nw-buddy.de/nw-data/live/lyshineui/images/icons/items/housingitem/house_housingitem_holidaysummer2022_fishingelectriceel01.webp"
"Fish Sword - Large Memento","House_HousingItem_HolidaySummer2022_FishingFishSword01","Common","https://cdn.nw-buddy.de/nw-data/live/lyshineui/images/icons/items/housingitem/house_housingitem_holidaysummer2022_fishingfishsword01.webp"
"Flounder - Medium Memento","House_HousingItem_HolidaySummer2022_FishingFlounder01","Common","https://cdn.nw-buddy.de/nw-data/live/lyshineui/images/icons/items/housingitem/house_housingitem_holidaysummer2022_fishingflounder01.webp"
"Frogfish - Small Memento","House_HousingItem_HolidaySummer2022_FishingFrogFish01","Rare","https://cdn.nw-buddy.de/nw-data/live/lyshineui/images/icons/items/housingitem/house_housingitem_holidaysummer2022_fishingfrogfish01.webp"
"Daemonaja - Large Memento","House_HousingItem_HolidaySummer2022_FishingHafgufa01","Epic","https://cdn.nw-buddy.de/nw-data/live/lyshineui/images/icons/items/housingitem/house_housingitem_holidaysummer2022_fishinghafgufa01.webp"
"Hake - Medium Memento","House_HousingItem_HolidaySummer2022_FishingHake01","Common","https://cdn.nw-buddy.de/nw-data/live/lyshineui/images/icons/items/housingitem/house_housingitem_holidaysummer2022_fishinghake01.webp"
"Halibut - Medium Memento","House_HousingItem_HolidaySummer2022_FishingHalibut01","Uncommon","https://cdn.nw-buddy.de/nw-data/live/lyshineui/images/icons/items/housingitem/house_housingitem_holidaysummer2022_fishinghalibut01.webp"
"Fish Headed Hammer - Large Memento","House_HousingItem_HolidaySummer2022_FishingHeadedHammer01","Common","https://cdn.nw-buddy.de/nw-data/live/lyshineui/images/icons/items/housingitem/house_housingitem_holidaysummer2022_fishingheadedhammer01.webp"
"Mackerel - Small Memento","House_HousingItem_HolidaySummer2022_FishingMackerel01","Common","https://cdn.nw-buddy.de/nw-data/live/lyshineui/images/icons/items/housingitem/house_housingitem_holidaysummer2022_fishingmackerel01.webp"
"Madtom - Small Memento","House_HousingItem_HolidaySummer2022_FishingMadtom01","Rare","https://cdn.nw-buddy.de/nw-data/live/lyshineui/images/icons/items/housingitem/house_housingitem_holidaysummer2022_fishingmadtom01.webp"
"Mandje Mandje - Medium Memento","House_HousingItem_HolidaySummer2022_FishingMandje01","Epic","https://cdn.nw-buddy.de/nw-data/live/lyshineui/images/icons/items/housingitem/house_housingitem_holidaysummer2022_fishingmandje01.webp"
"Blue-Winged Serpe - Medium Memento","House_HousingItem_HolidaySummer2022_FishingMerlion01","Epic","https://cdn.nw-buddy.de/nw-data/live/lyshineui/images/icons/items/housingitem/house_housingitem_holidaysummer2022_fishingmerlion01.webp"
"Glowing Gnufish - Medium Memento","House_HousingItem_HolidaySummer2022_FishingMerrow01","Epic","https://cdn.nw-buddy.de/nw-data/live/lyshineui/images/icons/items/housingitem/house_housingitem_holidaysummer2022_fishingmerrow01.webp"
"Lava Barb - Large Memento","House_HousingItem_HolidaySummer2022_FishingMishipeshu01","Epic","https://cdn.nw-buddy.de/nw-data/live/lyshineui/images/icons/items/housingitem/house_housingitem_holidaysummer2022_fishingmishipeshu01.webp"
"Ray-Finned Barb - Large Memento","House_HousingItem_HolidaySummer2022_FishingMorag01","Epic","https://cdn.nw-buddy.de/nw-data/live/lyshineui/images/icons/items/housingitem/house_housingitem_holidaysummer2022_fishingmorag01.webp"
"Egede Serpe - Medium Memento","House_HousingItem_HolidaySummer2022_FishingNamazu01","Epic","https://cdn.nw-buddy.de/nw-data/live/lyshineui/images/icons/items/housingitem/house_housingitem_holidaysummer2022_fishingnamazu01.webp"
"Oar - Large Memento","House_HousingItem_HolidaySummer2022_FishingOar01","Common","https://cdn.nw-buddy.de/nw-data/live/lyshineui/images/icons/items/housingitem/house_housingitem_holidaysummer2022_fishingoar01.webp"
"Varanus Mandje - Medium Memento","House_HousingItem_HolidaySummer2022_FishingOgopogo01","Epic","https://cdn.nw-buddy.de/nw-data/live/lyshineui/images/icons/items/housingitem/house_housingitem_holidaysummer2022_fishingogopogo01.webp"
"Paddlefish - Large Memento","House_HousingItem_HolidaySummer2022_FishingPaddlefish01","Rare","https://cdn.nw-buddy.de/nw-data/live/lyshineui/images/icons/items/housingitem/house_housingitem_holidaysummer2022_fishingpaddlefish01.webp"
"Oyster - Small Memento","House_HousingItem_HolidaySummer2022_FishingPearlOyster01","Rare","https://cdn.nw-buddy.de/nw-data/live/lyshineui/images/icons/items/housingitem/house_housingitem_holidaysummer2022_fishingpearloyster01.webp"
"Pike - Large Memento","House_HousingItem_HolidaySummer2022_FishingPike01","Common","https://cdn.nw-buddy.de/nw-data/live/lyshineui/images/icons/items/housingitem/house_housingitem_holidaysummer2022_fishingpike01.webp"
"Piranha - Medium Memento","House_HousingItem_HolidaySummer2022_FishingPiranha01","Rare","https://cdn.nw-buddy.de/nw-data/live/lyshineui/images/icons/items/housingitem/house_housingitem_holidaysummer2022_fishingpiranha01.webp"
"Salmon - Small Memento","House_HousingItem_HolidaySummer2022_FishingSalmon01","Common","https://cdn.nw-buddy.de/nw-data/live/lyshineui/images/icons/items/housingitem/house_housingitem_holidaysummer2022_fishingsalmon01.webp"
"Sculpin - Medium Memento","House_HousingItem_HolidaySummer2022_FishingSculpin01","Rare","https://cdn.nw-buddy.de/nw-data/live/lyshineui/images/icons/items/housingitem/house_housingitem_holidaysummer2022_fishingsculpin01.webp"
"Seaweed - Small Memento","House_HousingItem_HolidaySummer2022_FishingSeaWeed01","Common","https://cdn.nw-buddy.de/nw-data/live/lyshineui/images/icons/items/housingitem/house_housingitem_holidaysummer2022_fishingseaweed01.webp"
"Glowing Guardfish - Medium Memento","House_HousingItem_HolidaySummer2022_FishingSelkie01","Epic","https://cdn.nw-buddy.de/nw-data/live/lyshineui/images/icons/items/housingitem/house_housingitem_holidaysummer2022_fishingselkie01.webp"
"Aquatic Snail - Small Memento","House_HousingItem_HolidaySummer2022_FishingSnail01","Uncommon","https://cdn.nw-buddy.de/nw-data/live/lyshineui/images/icons/items/housingitem/house_housingitem_holidaysummer2022_fishingsnail01.webp"
"Snapper - Small Memento","House_HousingItem_HolidaySummer2022_FishingSnapper01","Common","https://cdn.nw-buddy.de/nw-data/live/lyshineui/images/icons/items/housingitem/house_housingitem_holidaysummer2022_fishingsnapper01.webp"
"Soggy Boot - Small Memento","House_HousingItem_HolidaySummer2022_FishingSoggyBoot01","Common","https://cdn.nw-buddy.de/nw-data/live/lyshineui/images/icons/items/housingitem/house_housingitem_holidaysummer2022_fishingsoggyboot01.webp"
"Speartooth Shark - Large Memento","House_HousingItem_HolidaySummer2022_FishingSpeartoothShark01","Rare","https://cdn.nw-buddy.de/nw-data/live/lyshineui/images/icons/items/housingitem/house_housingitem_holidaysummer2022_fishingspeartoothshark01.webp"
"Squid - Medium Memento","House_HousingItem_HolidaySummer2022_FishingSquid01","Uncommon","https://cdn.nw-buddy.de/nw-data/live/lyshineui/images/icons/items/housingitem/house_housingitem_holidaysummer2022_fishingsquid01.webp"
"Starfish - Small Memento","House_HousingItem_HolidaySummer2022_FishingStarfish01","Rare","https://cdn.nw-buddy.de/nw-data/live/lyshineui/images/icons/items/housingitem/house_housingitem_holidaysummer2022_fishingstarfish01.webp"
"Stingray - Medium Memento","House_HousingItem_HolidaySummer2022_FishingStingray01","Rare","https://cdn.nw-buddy.de/nw-data/live/lyshineui/images/icons/items/housingitem/house_housingitem_holidaysummer2022_fishingstingray01.webp"
"Sturgeon - Medium Memento","House_HousingItem_HolidaySummer2022_FishingSturgeon01","Uncommon","https://cdn.nw-buddy.de/nw-data/live/lyshineui/images/icons/items/housingitem/house_housingitem_holidaysummer2022_fishingsturgeon01.webp"
"Sunfish - Small Memento","House_HousingItem_HolidaySummer2022_FishingSunfish01","Common","https://cdn.nw-buddy.de/nw-data/live/lyshineui/images/icons/items/housingitem/house_housingitem_holidaysummer2022_fishingsunfish01.webp"
"Swordfish - Large Memento","House_HousingItem_HolidaySummer2022_FishingSwordfish01","Rare","https://cdn.nw-buddy.de/nw-data/live/lyshineui/images/icons/items/housingitem/house_housingitem_holidaysummer2022_fishingswordfish01.webp"
"Tadpole - Small Memento","House_HousingItem_HolidaySummer2022_FishingTadpole01","Uncommon","https://cdn.nw-buddy.de/nw-data/live/lyshineui/images/icons/items/housingitem/house_housingitem_holidaysummer2022_fishingtadpole01.webp"
"Blue-blooded Barb - Large Memento","House_HousingItem_HolidaySummer2022_FishingTessie01","Epic","https://cdn.nw-buddy.de/nw-data/live/lyshineui/images/icons/items/housingitem/house_housingitem_holidaysummer2022_fishingtessie01.webp"
"Treasure Chest - Large Memento","House_HousingItem_HolidaySummer2022_FishingTreasureChest01","Rare","https://cdn.nw-buddy.de/nw-data/live/lyshineui/images/icons/items/housingitem/house_housingitem_holidaysummer2022_fishingtreasurechest01.webp"
"Trout - Small Memento","House_HousingItem_HolidaySummer2022_FishingTrout01","Common","https://cdn.nw-buddy.de/nw-data/live/lyshineui/images/icons/items/housingitem/house_housingitem_holidaysummer2022_fishingtrout01.webp"
"Perch - Small Memento","House_HousingItem_HolidaySummer2022_FishingYellowPerch01","Common","https://cdn.nw-buddy.de/nw-data/live/lyshineui/images/icons/items/housingitem/house_housingitem_holidaysummer2022_fishingyellowperch01.webp"
"Summertime Fish Windsock","House_HousingItem_HolidaySummer2022_WindSock","Common","https://cdn.nw-buddy.de/nw-data/live/lyshineui/images/icons/items/housingitem/house_housingitem_holidaysummer2022_windsock.webp"
"Summertime Floating Wall Lantern","House_HousingItem_Lighting_HolidaySummer2022_FloatingLantern","Uncommon","https://cdn.nw-buddy.de/nw-data/live/lyshineui/images/icons/items/housingitem/house_housingitem_lighting_holidaysummer2022_floatinglantern.webp"
"Summertime Hanging Frogfish Light","House_HousingItem_Lighting_HolidaySummer2022_PartyLight","Uncommon","https://cdn.nw-buddy.de/nw-data/live/lyshineui/images/icons/items/housingitem/house_housingitem_lighting_holidaysummer2022_partylight.webp"
"Summertime Blue Spotlight","House_HousingItem_Lighting_HolidaySummer2022_Spotlight01","Epic","https://cdn.nw-buddy.de/nw-data/live/lyshineui/images/icons/items/housingitem/house_housingitem_lighting_holidaysummer2022_spotlight01.webp"
"Summertime Orange Spotlight","House_HousingItem_Lighting_HolidaySummer2022_Spotlight02","Epic","https://cdn.nw-buddy.de/nw-data/live/lyshineui/images/icons/items/housingitem/house_housingitem_lighting_holidaysummer2022_spotlight02.webp"
"Summertime Holiday Torch","House_HousingItem_Lighting_HolidaySummer2022_TikiTorches","Rare","https://cdn.nw-buddy.de/nw-data/live/lyshineui/images/icons/items/housingitem/house_housingitem_lighting_holidaysummer2022_tikitorches.webp"
"Summer Medley Beach Bunny","House_HousingItem_Pet_Holiday_Rabbit_SummerMedley","Epic","https://cdn.nw-buddy.de/nw-data/live/lyshineui/images/icons/items/housingitem/house_housingitem_pet_holiday_rabbit_summermedley.webp"
"Turkulon Egg Seat","House_HousingItem_Chair_HolidayTurkey2022_EggStool01","Rare","https://cdn.nw-buddy.de/nw-data/live/lyshineui/images/icons/items/housingitem/house_housingitem_chair_holidayturkey2022_eggstool01.webp"
"Docile Pumpklin","House_HousingItem_Pet_Holiday_Pumpklin_Orange","Epic","https://cdn.nw-buddy.de/nw-data/live/lyshineui/images/icons/items/housingitem/house_housingitem_pet_holiday_pumpklin_orange.webp"
"Turkuless, Disgruntled Fowl","House_HousingItem_Pet_Holiday_Turkey_Pilgrim","Epic","https://cdn.nw-buddy.de/nw-data/live/lyshineui/images/icons/items/housingitem/house_housingitem_pet_holiday_turkey_pilgrim.webp"
"Tattered Varangian Standard","House_HousingItem_Season1_VarangianFlag","Epic","https://cdn.nw-buddy.de/nw-data/live/lyshineui/images/icons/items/housingitem/house_housingitem_season1_varangianflag.webp"
"Spriggan Flame Brazier","House_HousingItem_Season1_SprigganFlameBrazier","Legendary","https://cdn.nw-buddy.de/nw-data/live/lyshineui/images/icons/items/housingitem/house_housingitem_season1_sprigganflamebrazier.webp"
"Cerulean Sheets Bunk Bed","House_HousingItem_Bed_Settler_Bed01_A","Common","https://cdn.nw-buddy.de/nw-data/live/lyshineui/images/icons/items/housingitem/house_housingitem_bed_settler_bed01_a.webp"
"Cherry Sheets Bunk Bed","House_HousingItem_Bed_Settler_Bed01_B","Common","https://cdn.nw-buddy.de/nw-data/live/lyshineui/images/icons/items/housingitem/house_housingitem_bed_settler_bed01_b.webp"
"Grassy Sheets Bunk Bed","House_HousingItem_Bed_Settler_Bed01_C","Uncommon","https://cdn.nw-buddy.de/nw-data/live/lyshineui/images/icons/items/housingitem/house_housingitem_bed_settler_bed01_c.webp"
"Sunny Sheets Bunk Bed","House_HousingItem_Bed_Settler_Bed01_D","Rare","https://cdn.nw-buddy.de/nw-data/live/lyshineui/images/icons/items/housingitem/house_housingitem_bed_settler_bed01_d.webp"
"Ash Full Bed","House_HousingItem_Bed_Settler_Bed02_A","Common","https://cdn.nw-buddy.de/nw-data/live/lyshineui/images/icons/items/housingitem/house_housingitem_bed_settler_bed02_a.webp"
"Maple Full Bed","House_HousingItem_Bed_Settler_Bed02_B","Common","https://cdn.nw-buddy.de/nw-data/live/lyshineui/images/icons/items/housingitem/house_housingitem_bed_settler_bed02_b.webp"
"Oak Full Bed","House_HousingItem_Bed_Settler_Bed02_C","Uncommon","https://cdn.nw-buddy.de/nw-data/live/lyshineui/images/icons/items/housingitem/house_housingitem_bed_settler_bed02_c.webp"
"Mahogany Full Bed","House_HousingItem_Bed_Settler_Bed02_D","Rare","https://cdn.nw-buddy.de/nw-data/live/lyshineui/images/icons/items/housingitem/house_housingitem_bed_settler_bed02_d.webp"
"Straw Pet Bed","House_HousingItem_Bed_Settler_Decor_Floor_Dogbed01","Epic","https://cdn.nw-buddy.de/nw-data/live/lyshineui/images/icons/items/housingitem/house_housingitem_bed_settler_decor_floor_dogbed01.webp"
"Ash Dining Chair","House_HousingItem_Chair_Settler_Chair01_A","Common","https://cdn.nw-buddy.de/nw-data/live/lyshineui/images/icons/items/housingitem/house_housingitem_chair_settler_chair01_a.webp"
"Maple Dining Chair","House_HousingItem_Chair_Settler_Chair01_B","Common","https://cdn.nw-buddy.de/nw-data/live/lyshineui/images/icons/items/housingitem/house_housingitem_chair_settler_chair01_b.webp"
"Oak Dining Chair","House_HousingItem_Chair_Settler_Chair01_C","Uncommon","https://cdn.nw-buddy.de/nw-data/live/lyshineui/images/icons/items/housingitem/house_housingitem_chair_settler_chair01_c.webp"
"Mahogany Dining Chair","House_HousingItem_Chair_Settler_Chair01_D","Rare","https://cdn.nw-buddy.de/nw-data/live/lyshineui/images/icons/items/housingitem/house_housingitem_chair_settler_chair01_d.webp"
"Ash Casual Chair","House_HousingItem_Chair_Settler_Chair02_A","Common","https://cdn.nw-buddy.de/nw-data/live/lyshineui/images/icons/items/housingitem/house_housingitem_chair_settler_chair02_a.webp"
"Maple Casual Chair","House_HousingItem_Chair_Settler_Chair02_B","Common","https://cdn.nw-buddy.de/nw-data/live/lyshineui/images/icons/items/housingitem/house_housingitem_chair_settler_chair02_b.webp"
"Oak Casual Chair","House_HousingItem_Chair_Settler_Chair02_C","Uncommon","https://cdn.nw-buddy.de/nw-data/live/lyshineui/images/icons/items/housingitem/house_housingitem_chair_settler_chair02_c.webp"
"Mahogany Casual Chair","House_HousingItem_Chair_Settler_Chair02_D","Rare","https://cdn.nw-buddy.de/nw-data/live/lyshineui/images/icons/items/housingitem/house_housingitem_chair_settler_chair02_d.webp"
"Ash Barstool","House_HousingItem_Chair_Settler_Stool_A","Common","https://cdn.nw-buddy.de/nw-data/live/lyshineui/images/icons/items/housingitem/house_housingitem_chair_settler_stool_a.webp"
"Maple Barstool","House_HousingItem_Chair_Settler_Stool_B","Common","https://cdn.nw-buddy.de/nw-data/live/lyshineui/images/icons/items/housingitem/house_housingitem_chair_settler_stool_b.webp"
"Oak Barstool","House_HousingItem_Chair_Settler_Stool_C","Uncommon","https://cdn.nw-buddy.de/nw-data/live/lyshineui/images/icons/items/housingitem/house_housingitem_chair_settler_stool_c.webp"
"Mahogany Barstool","House_HousingItem_Chair_Settler_Stool_D","Rare","https://cdn.nw-buddy.de/nw-data/live/lyshineui/images/icons/items/housingitem/house_housingitem_chair_settler_stool_d.webp"
"Warm Iron Chandelier - Bright","House_HousingItem_Lighting_Settler_LightHanging01_A","Uncommon","https://cdn.nw-buddy.de/nw-data/live/lyshineui/images/icons/items/housingitem/house_housingitem_lighting_settler_lighthanging01_a.webp"
"Warm Iron Chandelier - Dim","House_HousingItem_Lighting_Settler_LightHanging01_B","Uncommon","https://cdn.nw-buddy.de/nw-data/live/lyshineui/images/icons/items/housingitem/house_housingitem_lighting_settler_lighthanging01_b.webp"
"Cool Iron Chandelier - Bright","House_HousingItem_Lighting_Settler_LightHanging01_C","Rare","https://cdn.nw-buddy.de/nw-data/live/lyshineui/images/icons/items/housingitem/house_housingitem_lighting_settler_lighthanging01_c.webp"
"Cool Iron Chandelier - Dim","House_HousingItem_Lighting_Settler_LightHanging01_D","Rare","https://cdn.nw-buddy.de/nw-data/live/lyshineui/images/icons/items/housingitem/house_housingitem_lighting_settler_lighthanging01_d.webp"
"Warm Iron Lantern - Bright","House_HousingItem_Lighting_Settler_LightTable01_A","Uncommon","https://cdn.nw-buddy.de/nw-data/live/lyshineui/images/icons/items/housingitem/house_housingitem_lighting_settler_lighttable01_a.webp"
"Warm Iron Lantern - Dim","House_HousingItem_Lighting_Settler_LightTable01_B","Uncommon","https://cdn.nw-buddy.de/nw-data/live/lyshineui/images/icons/items/housingitem/house_housingitem_lighting_settler_lighttable01_b.webp"
"Cool Iron Lantern - Bright","House_HousingItem_Lighting_Settler_LightTable01_C","Rare","https://cdn.nw-buddy.de/nw-data/live/lyshineui/images/icons/items/housingitem/house_housingitem_lighting_settler_lighttable01_c.webp"
"Cool Iron Lantern - Dim","House_HousingItem_Lighting_Settler_LightTable01_D","Rare","https://cdn.nw-buddy.de/nw-data/live/lyshineui/images/icons/items/housingitem/house_housingitem_lighting_settler_lighttable01_d.webp"
"Warm Iron Sconce - Bright","House_HousingItem_Lighting_Settler_LightWall01_A","Uncommon","https://cdn.nw-buddy.de/nw-data/live/lyshineui/images/icons/items/housingitem/house_housingitem_lighting_settler_lightwall01_a.webp"
"Warm Iron Sconce - Dim","House_HousingItem_Lighting_Settler_LightWall01_B","Uncommon","https://cdn.nw-buddy.de/nw-data/live/lyshineui/images/icons/items/housingitem/house_housingitem_lighting_settler_lightwall01_b.webp"
"Cool Iron Sconce - Bright","House_HousingItem_Lighting_Settler_LightWall01_C","Rare","https://cdn.nw-buddy.de/nw-data/live/lyshineui/images/icons/items/housingitem/house_housingitem_lighting_settler_lightwall01_c.webp"
"Cool Iron Sconce - Dim","House_HousingItem_Lighting_Settler_LightWall01_D","Rare","https://cdn.nw-buddy.de/nw-data/live/lyshineui/images/icons/items/housingitem/house_housingitem_lighting_settler_lightwall01_d.webp"
"Round Sunny Rug","House_HousingItem_Rug_Settler_Decor_Floor_Rug01","Common","https://cdn.nw-buddy.de/nw-data/live/lyshineui/images/icons/items/housingitem/house_housingitem_rug_settler_decor_floor_rug01.webp"
"Curved Grassy Rug","House_HousingItem_Rug_Settler_Decor_Floor_Rug02","Uncommon","https://cdn.nw-buddy.de/nw-data/live/lyshineui/images/icons/items/housingitem/house_housingitem_rug_settler_decor_floor_rug02.webp"
"Oval Cerulean Rug","House_HousingItem_Rug_Settler_Decor_Floor_Rug03","Common","https://cdn.nw-buddy.de/nw-data/live/lyshineui/images/icons/items/housingitem/house_housingitem_rug_settler_decor_floor_rug03.webp"
"Rectangle Cherry Rug","House_HousingItem_Rug_Settler_Decor_Floor_Rug04","Uncommon","https://cdn.nw-buddy.de/nw-data/live/lyshineui/images/icons/items/housingitem/house_housingitem_rug_settler_decor_floor_rug04.webp"
"Ash Armoire","House_HousingItem_Settler_Armoire01_A","Common","https://cdn.nw-buddy.de/nw-data/live/lyshineui/images/icons/items/housingitem/house_housingitem_settler_armoire01_a.webp"
"Maple Armoire","House_HousingItem_Settler_Armoire01_B","Common","https://cdn.nw-buddy.de/nw-data/live/lyshineui/images/icons/items/housingitem/house_housingitem_settler_armoire01_b.webp"
"Oak Armoire","House_HousingItem_Settler_Armoire01_C","Uncommon","https://cdn.nw-buddy.de/nw-data/live/lyshineui/images/icons/items/housingitem/house_housingitem_settler_armoire01_c.webp"
"Mahogany Armoire","House_HousingItem_Settler_Armoire01_D","Rare","https://cdn.nw-buddy.de/nw-data/live/lyshineui/images/icons/items/housingitem/house_housingitem_settler_armoire01_d.webp"
"Ash Small Bookcase","House_HousingItem_Settler_Bookcase01_A","Common","https://cdn.nw-buddy.de/nw-data/live/lyshineui/images/icons/items/housingitem/house_housingitem_settler_bookcase01_a.webp"
"Maple Small Bookcase","House_HousingItem_Settler_Bookcase01_B","Common","https://cdn.nw-buddy.de/nw-data/live/lyshineui/images/icons/items/housingitem/house_housingitem_settler_bookcase01_b.webp"
"Oak Small Bookcase","House_HousingItem_Settler_Bookcase01_C","Uncommon","https://cdn.nw-buddy.de/nw-data/live/lyshineui/images/icons/items/housingitem/house_housingitem_settler_bookcase01_c.webp"
"Mahogany Small Bookcase","House_HousingItem_Settler_Bookcase01_D","Rare","https://cdn.nw-buddy.de/nw-data/live/lyshineui/images/icons/items/housingitem/house_housingitem_settler_bookcase01_d.webp"
"Ash Large Bookcase","House_HousingItem_Settler_Bookcase02_A","Common","https://cdn.nw-buddy.de/nw-data/live/lyshineui/images/icons/items/housingitem/house_housingitem_settler_bookcase02_a.webp"
"Maple Large Bookcase","House_HousingItem_Settler_Bookcase02_B","Common","https://cdn.nw-buddy.de/nw-data/live/lyshineui/images/icons/items/housingitem/house_housingitem_settler_bookcase02_b.webp"
"Oak Large Bookcase","House_HousingItem_Settler_Bookcase02_C","Uncommon","https://cdn.nw-buddy.de/nw-data/live/lyshineui/images/icons/items/housingitem/house_housingitem_settler_bookcase02_c.webp"
"Mahogany Large Bookcase","House_HousingItem_Settler_Bookcase02_D","Rare","https://cdn.nw-buddy.de/nw-data/live/lyshineui/images/icons/items/housingitem/house_housingitem_settler_bookcase02_d.webp"
"Ash Chest of Drawers","House_HousingItem_Settler_Cabinet01_A","Common","https://cdn.nw-buddy.de/nw-data/live/lyshineui/images/icons/items/housingitem/house_housingitem_settler_cabinet01_a.webp"
"Maple Chest of Drawers","House_HousingItem_Settler_Cabinet01_B","Common","https://cdn.nw-buddy.de/nw-data/live/lyshineui/images/icons/items/housingitem/house_housingitem_settler_cabinet01_b.webp"
"Oak Chest of Drawers","House_HousingItem_Settler_Cabinet01_C","Uncommon","https://cdn.nw-buddy.de/nw-data/live/lyshineui/images/icons/items/housingitem/house_housingitem_settler_cabinet01_c.webp"
"Mahogany Chest of Drawers","House_HousingItem_Settler_Cabinet01_D","Rare","https://cdn.nw-buddy.de/nw-data/live/lyshineui/images/icons/items/housingitem/house_housingitem_settler_cabinet01_d.webp"
"Ash Cabinet","House_HousingItem_Settler_Cabinet02_A","Common","https://cdn.nw-buddy.de/nw-data/live/lyshineui/images/icons/items/housingitem/house_housingitem_settler_cabinet02_a.webp"
"Maple Cabinet","House_HousingItem_Settler_Cabinet02_B","Common","https://cdn.nw-buddy.de/nw-data/live/lyshineui/images/icons/items/housingitem/house_housingitem_settler_cabinet02_b.webp"
"Oak Cabinet","House_HousingItem_Settler_Cabinet02_C","Uncommon","https://cdn.nw-buddy.de/nw-data/live/lyshineui/images/icons/items/housingitem/house_housingitem_settler_cabinet02_c.webp"
"Mahogany Cabinet","House_HousingItem_Settler_Cabinet02_D","Rare","https://cdn.nw-buddy.de/nw-data/live/lyshineui/images/icons/items/housingitem/house_housingitem_settler_cabinet02_d.webp"
"Sewing Accessories","House_HousingItem_Settler_Decor_Desk_ClothArrangement01","Common","https://cdn.nw-buddy.de/nw-data/live/lyshineui/images/icons/items/housingitem/house_housingitem_settler_decor_desk_clotharrangement01.webp"
"Floral Design Accessories","House_HousingItem_Settler_Decor_Desk_FloralArrangement01","Common","https://cdn.nw-buddy.de/nw-data/live/lyshineui/images/icons/items/housingitem/house_housingitem_settler_decor_desk_floralarrangement01.webp"
"Desk Accessories","House_HousingItem_Settler_Decor_Desk_PaperArrangement01","Common","https://cdn.nw-buddy.de/nw-data/live/lyshineui/images/icons/items/housingitem/house_housingitem_settler_decor_desk_paperarrangement01.webp"
"Fireplace Poker Set","House_HousingItem_Settler_Decor_Floor_Fireplace01","Uncommon","https://cdn.nw-buddy.de/nw-data/live/lyshineui/images/icons/items/housingitem/house_housingitem_settler_decor_floor_fireplace01.webp"
"Fireplace Accessories","House_HousingItem_Settler_Decor_Floor_Fireplace02","Uncommon","https://cdn.nw-buddy.de/nw-data/live/lyshineui/images/icons/items/housingitem/house_housingitem_settler_decor_floor_fireplace02.webp"
"Fireplace Books","House_HousingItem_Settler_Decor_Floor_Fireplace03","Uncommon","https://cdn.nw-buddy.de/nw-data/live/lyshineui/images/icons/items/housingitem/house_housingitem_settler_decor_floor_fireplace03.webp"
"Hanging Basket of Flowers","House_HousingItem_Settler_Decor_FloralArrangement01","Uncommon","https://cdn.nw-buddy.de/nw-data/live/lyshineui/images/icons/items/housingitem/house_housingitem_settler_decor_floralarrangement01.webp"
"Pot of Winter Flowers","House_HousingItem_Settler_Decor_Garden_Plants01","Uncommon","https://cdn.nw-buddy.de/nw-data/live/lyshineui/images/icons/items/housingitem/house_housingitem_settler_decor_garden_plants01.webp"
"Pot of Blue Flowers","House_HousingItem_Settler_Decor_Garden_Plants02","Rare","https://cdn.nw-buddy.de/nw-data/live/lyshineui/images/icons/items/housingitem/house_housingitem_settler_decor_garden_plants02.webp"
"Pot of Pink Flowers","House_HousingItem_Settler_Decor_Garden_Plants03","Uncommon","https://cdn.nw-buddy.de/nw-data/live/lyshineui/images/icons/items/housingitem/house_housingitem_settler_decor_garden_plants03.webp"
"Wooden Wheelbarrow","House_HousingItem_Settler_Decor_Garden_Wheelbarrow01","Common","https://cdn.nw-buddy.de/nw-data/live/lyshineui/images/icons/items/housingitem/house_housingitem_settler_decor_garden_wheelbarrow01.webp"
"Wheelbarrow of Garden Supplies","House_HousingItem_Settler_Decor_Garden_Wheelbarrow02","Uncommon","https://cdn.nw-buddy.de/nw-data/live/lyshineui/images/icons/items/housingitem/house_housingitem_settler_decor_garden_wheelbarrow02.webp"
"Colorful Wind Chimes","House_HousingItem_Settler_Decor_Garden_Windchimes01","Rare","https://cdn.nw-buddy.de/nw-data/live/lyshineui/images/icons/items/housingitem/house_housingitem_settler_decor_garden_windchimes01.webp"
"Robust Wind Chimes","House_HousingItem_Settler_Decor_Garden_Windchimes02","Uncommon","https://cdn.nw-buddy.de/nw-data/live/lyshineui/images/icons/items/housingitem/house_housingitem_settler_decor_garden_windchimes02.webp"
"""Bear in Meadow"" Painting","House_HousingItem_Settler_Decor_Painting01","Common","https://cdn.nw-buddy.de/nw-data/live/lyshineui/images/icons/items/housingitem/house_housingitem_settler_decor_painting01.webp"
"""Beyond the Gate"" Painting","House_HousingItem_Settler_Decor_Painting02","Uncommon","https://cdn.nw-buddy.de/nw-data/live/lyshineui/images/icons/items/housingitem/house_housingitem_settler_decor_painting02.webp"
"""Mountain Dawn"" Painting","House_HousingItem_Settler_Decor_Painting03","Uncommon","https://cdn.nw-buddy.de/nw-data/live/lyshineui/images/icons/items/housingitem/house_housingitem_settler_decor_painting03.webp"
"""Spring River"" Painting","House_HousingItem_Settler_Decor_Painting04","Rare","https://cdn.nw-buddy.de/nw-data/live/lyshineui/images/icons/items/housingitem/house_housingitem_settler_decor_painting04.webp"
"Wooden Dishes","House_HousingItem_Settler_Decor_Shelf_Dishes01","Common","https://cdn.nw-buddy.de/nw-data/live/lyshineui/images/icons/items/housingitem/house_housingitem_settler_decor_shelf_dishes01.webp"
"Stacked Dishes","House_HousingItem_Settler_Decor_Shelf_Dishes02","Common","https://cdn.nw-buddy.de/nw-data/live/lyshineui/images/icons/items/housingitem/house_housingitem_settler_decor_shelf_dishes02.webp"
"Dirty Dishes","House_HousingItem_Settler_Decor_Shelf_Dishes03","Common","https://cdn.nw-buddy.de/nw-data/live/lyshineui/images/icons/items/housingitem/house_housingitem_settler_decor_shelf_dishes03.webp"
"Well-Loved Dishes","House_HousingItem_Settler_Decor_Shelf_Dishes04","Common","https://cdn.nw-buddy.de/nw-data/live/lyshineui/images/icons/items/housingitem/house_housingitem_settler_decor_shelf_dishes04.webp"
"Cauldron Cooking Set","House_HousingItem_Settler_Decor_Shelf_PotsAndPans01","Common","https://cdn.nw-buddy.de/nw-data/live/lyshineui/images/icons/items/housingitem/house_housingitem_settler_decor_shelf_potsandpans01.webp"
"Campfire Cooking Set","House_HousingItem_Settler_Decor_Shelf_PotsAndPans02","Common","https://cdn.nw-buddy.de/nw-data/live/lyshineui/images/icons/items/housingitem/house_housingitem_settler_decor_shelf_potsandpans02.webp"
"Sturdy Cooking Set","House_HousingItem_Settler_Decor_Shelf_PotsAndPans03","Common","https://cdn.nw-buddy.de/nw-data/live/lyshineui/images/icons/items/housingitem/house_housingitem_settler_decor_shelf_potsandpans03.webp"
"Fresh Flowers Assembly","House_HousingItem_Settler_Decor_Table_FloralArrangement01","Common","https://cdn.nw-buddy.de/nw-data/live/lyshineui/images/icons/items/housingitem/house_housingitem_settler_decor_table_floralarrangement01.webp"
"Meal Prep Set","House_HousingItem_Settler_Decor_Table_KitchenArrangement01","Common","https://cdn.nw-buddy.de/nw-data/live/lyshineui/images/icons/items/housingitem/house_housingitem_settler_decor_table_kitchenarrangement01.webp"
"Cerulean Place Setting","House_HousingItem_Settler_Decor_Table_PlaceSetting01","Common","https://cdn.nw-buddy.de/nw-data/live/lyshineui/images/icons/items/housingitem/house_housingitem_settler_decor_table_placesetting01.webp"
"Cherry Place Setting","House_HousingItem_Settler_Decor_Table_PlaceSetting02","Rare","https://cdn.nw-buddy.de/nw-data/live/lyshineui/images/icons/items/housingitem/house_housingitem_settler_decor_table_placesetting02.webp"
"Grassy Place Setting","House_HousingItem_Settler_Decor_Table_PlaceSetting03","Rare","https://cdn.nw-buddy.de/nw-data/live/lyshineui/images/icons/items/housingitem/house_housingitem_settler_decor_table_placesetting03.webp"
"Sunny Place Setting","House_HousingItem_Settler_Decor_Table_PlaceSetting04","Uncommon","https://cdn.nw-buddy.de/nw-data/live/lyshineui/images/icons/items/housingitem/house_housingitem_settler_decor_table_placesetting04.webp"
"Cerulean Drape","House_HousingItem_Settler_Decor_Wall_Curtain01_A","Common","https://cdn.nw-buddy.de/nw-data/live/lyshineui/images/icons/items/housingitem/house_housingitem_settler_decor_wall_curtain01_a.webp"
"Cherry Drape","House_HousingItem_Settler_Decor_Wall_Curtain01_B","Uncommon","https://cdn.nw-buddy.de/nw-data/live/lyshineui/images/icons/items/housingitem/house_housingitem_settler_decor_wall_curtain01_b.webp"
"Grassy Drape","House_HousingItem_Settler_Decor_Wall_Curtain01_C","Uncommon","https://cdn.nw-buddy.de/nw-data/live/lyshineui/images/icons/items/housingitem/house_housingitem_settler_decor_wall_curtain01_c.webp"
"Sunny Drape","House_HousingItem_Settler_Decor_Wall_Curtain01_D","Uncommon","https://cdn.nw-buddy.de/nw-data/live/lyshineui/images/icons/items/housingitem/house_housingitem_settler_decor_wall_curtain01_d.webp"
"Cerulean Valance","House_HousingItem_Settler_Decor_Wall_Curtain02_A","Common","https://cdn.nw-buddy.de/nw-data/live/lyshineui/images/icons/items/housingitem/house_housingitem_settler_decor_wall_curtain02_a.webp"
"Cherry Valance","House_HousingItem_Settler_Decor_Wall_Curtain02_B","Uncommon","https://cdn.nw-buddy.de/nw-data/live/lyshineui/images/icons/items/housingitem/house_housingitem_settler_decor_wall_curtain02_b.webp"
"Grassy Valance","House_HousingItem_Settler_Decor_Wall_Curtain02_C","Uncommon","https://cdn.nw-buddy.de/nw-data/live/lyshineui/images/icons/items/housingitem/house_housingitem_settler_decor_wall_curtain02_c.webp"
"Sunny Valance","House_HousingItem_Settler_Decor_Wall_Curtain02_D","Rare","https://cdn.nw-buddy.de/nw-data/live/lyshineui/images/icons/items/housingitem/house_housingitem_settler_decor_wall_curtain02_d.webp"
"Cerulean Curtains","House_HousingItem_Settler_Decor_Wall_Curtain03_A","Common","https://cdn.nw-buddy.de/nw-data/live/lyshineui/images/icons/items/housingitem/house_housingitem_settler_decor_wall_curtain03_a.webp"
"Cherry Curtains","House_HousingItem_Settler_Decor_Wall_Curtain03_B","Uncommon","https://cdn.nw-buddy.de/nw-data/live/lyshineui/images/icons/items/housingitem/house_housingitem_settler_decor_wall_curtain03_b.webp"
"Grassy Curtains","House_HousingItem_Settler_Decor_Wall_Curtain03_C","Uncommon","https://cdn.nw-buddy.de/nw-data/live/lyshineui/images/icons/items/housingitem/house_housingitem_settler_decor_wall_curtain03_c.webp"
"Sunny Curtains","House_HousingItem_Settler_Decor_Wall_Curtain03_D","Rare","https://cdn.nw-buddy.de/nw-data/live/lyshineui/images/icons/items/housingitem/house_housingitem_settler_decor_wall_curtain03_d.webp"
"Summertime Wreath","House_HousingItem_Settler_Decor_Wall_FlowerWreath01","Rare","https://cdn.nw-buddy.de/nw-data/live/lyshineui/images/icons/items/housingitem/house_housingitem_settler_decor_wall_flowerwreath01.webp"
"Delphinium Wreath","House_HousingItem_Settler_Decor_Wall_FlowerWreath02","Rare","https://cdn.nw-buddy.de/nw-data/live/lyshineui/images/icons/items/housingitem/house_housingitem_settler_decor_wall_flowerwreath02.webp"
"Ash Dresser","House_HousingItem_Settler_Dresser01_A","Common","https://cdn.nw-buddy.de/nw-data/live/lyshineui/images/icons/items/housingitem/house_housingitem_settler_dresser01_a.webp"
"Maple Dresser","House_HousingItem_Settler_Dresser01_B","Common","https://cdn.nw-buddy.de/nw-data/live/lyshineui/images/icons/items/housingitem/house_housingitem_settler_dresser01_b.webp"
"Oak Dresser","House_HousingItem_Settler_Dresser01_C","Uncommon","https://cdn.nw-buddy.de/nw-data/live/lyshineui/images/icons/items/housingitem/house_housingitem_settler_dresser01_c.webp"
"Mahogany Dresser","House_HousingItem_Settler_Dresser01_D","Rare","https://cdn.nw-buddy.de/nw-data/live/lyshineui/images/icons/items/housingitem/house_housingitem_settler_dresser01_d.webp"
"Ash Wall Shelf","House_HousingItem_Settler_Shelf01_A","Common","https://cdn.nw-buddy.de/nw-data/live/lyshineui/images/icons/items/housingitem/house_housingitem_settler_shelf01_a.webp"
"Maple Wall Shelf","House_HousingItem_Settler_Shelf01_B","Common","https://cdn.nw-buddy.de/nw-data/live/lyshineui/images/icons/items/housingitem/house_housingitem_settler_shelf01_b.webp"
"Oak Wall Shelf","House_HousingItem_Settler_Shelf01_C","Uncommon","https://cdn.nw-buddy.de/nw-data/live/lyshineui/images/icons/items/housingitem/house_housingitem_settler_shelf01_c.webp"
"Mahogany Wall Shelf","House_HousingItem_Settler_Shelf01_D","Rare","https://cdn.nw-buddy.de/nw-data/live/lyshineui/images/icons/items/housingitem/house_housingitem_settler_shelf01_d.webp"
"Iron Settler's Stove","House_HousingItem_Settler_Stove01_A","Common","https://cdn.nw-buddy.de/nw-data/live/lyshineui/images/icons/items/housingitem/house_housingitem_settler_stove01_a.webp"
"Steel Settler's Stove","House_HousingItem_Settler_Stove01_B","Common","https://cdn.nw-buddy.de/nw-data/live/lyshineui/images/icons/items/housingitem/house_housingitem_settler_stove01_b.webp"
"Starmetal Settler's Stove","House_HousingItem_Settler_Stove01_C","Uncommon","https://cdn.nw-buddy.de/nw-data/live/lyshineui/images/icons/items/housingitem/house_housingitem_settler_stove01_c.webp"
"Orichalcum Settler's Stove","House_HousingItem_Settler_Stove01_D","Rare","https://cdn.nw-buddy.de/nw-data/live/lyshineui/images/icons/items/housingitem/house_housingitem_settler_stove01_d.webp"
"Hope Storage Chest","House_HousingItem_Storage_T3_Settler","Rare","https://cdn.nw-buddy.de/nw-data/live/lyshineui/images/icons/items/housingitem/house_housingitem_storage_t3_settler.webp"
"Ash End Table","House_HousingItem_Table_Settler_BedSideTable_A","Common","https://cdn.nw-buddy.de/nw-data/live/lyshineui/images/icons/items/housingitem/house_housingitem_table_settler_bedsidetable_a.webp"
"Maple End Table","House_HousingItem_Table_Settler_BedSideTable_B","Common","https://cdn.nw-buddy.de/nw-data/live/lyshineui/images/icons/items/housingitem/house_housingitem_table_settler_bedsidetable_b.webp"
"Oak End Table","House_HousingItem_Table_Settler_BedSideTable_C","Uncommon","https://cdn.nw-buddy.de/nw-data/live/lyshineui/images/icons/items/housingitem/house_housingitem_table_settler_bedsidetable_c.webp"
"Mahogany End Table","House_HousingItem_Table_Settler_BedSideTable_D","Rare","https://cdn.nw-buddy.de/nw-data/live/lyshineui/images/icons/items/housingitem/house_housingitem_table_settler_bedsidetable_d.webp"
"Picnic Table","House_HousingItem_Table_Settler_Decor_Garden_PicnicTable01","Uncommon","https://cdn.nw-buddy.de/nw-data/live/lyshineui/images/icons/items/housingitem/house_housingitem_table_settler_decor_garden_picnictable01.webp"
"Ash Desk","House_HousingItem_Table_Settler_Desk01_A","Common","https://cdn.nw-buddy.de/nw-data/live/lyshineui/images/icons/items/housingitem/house_housingitem_table_settler_desk01_a.webp"
"Maple Desk","House_HousingItem_Table_Settler_Desk01_B","Common","https://cdn.nw-buddy.de/nw-data/live/lyshineui/images/icons/items/housingitem/house_housingitem_table_settler_desk01_b.webp"
"Oak Desk","House_HousingItem_Table_Settler_Desk01_C","Uncommon","https://cdn.nw-buddy.de/nw-data/live/lyshineui/images/icons/items/housingitem/house_housingitem_table_settler_desk01_c.webp"
"Mahogany Desk","House_HousingItem_Table_Settler_Desk01_D","Rare","https://cdn.nw-buddy.de/nw-data/live/lyshineui/images/icons/items/housingitem/house_housingitem_table_settler_desk01_d.webp"
"Ash Small Table","House_HousingItem_Table_Settler_Table01_A","Common","https://cdn.nw-buddy.de/nw-data/live/lyshineui/images/icons/items/housingitem/house_housingitem_table_settler_table01_a.webp"
"Maple Small Table","House_HousingItem_Table_Settler_Table01_B","Common","https://cdn.nw-buddy.de/nw-data/live/lyshineui/images/icons/items/housingitem/house_housingitem_table_settler_table01_b.webp"
"Oak Small Table","House_HousingItem_Table_Settler_Table01_C","Uncommon","https://cdn.nw-buddy.de/nw-data/live/lyshineui/images/icons/items/housingitem/house_housingitem_table_settler_table01_c.webp"
"Mahogany Small Table","House_HousingItem_Table_Settler_Table01_D","Rare","https://cdn.nw-buddy.de/nw-data/live/lyshineui/images/icons/items/housingitem/house_housingitem_table_settler_table01_d.webp"
"Ash Large Table","House_HousingItem_Table_Settler_Table02_A","Common","https://cdn.nw-buddy.de/nw-data/live/lyshineui/images/icons/items/housingitem/house_housingitem_table_settler_table02_a.webp"
"Maple Large Table","House_HousingItem_Table_Settler_Table02_B","Common","https://cdn.nw-buddy.de/nw-data/live/lyshineui/images/icons/items/housingitem/house_housingitem_table_settler_table02_b.webp"
"Oak Large Table","House_HousingItem_Table_Settler_Table02_C","Uncommon","https://cdn.nw-buddy.de/nw-data/live/lyshineui/images/icons/items/housingitem/house_housingitem_table_settler_table02_c.webp"
"Mahogany Large Table","House_HousingItem_Table_Settler_Table02_D","Rare","https://cdn.nw-buddy.de/nw-data/live/lyshineui/images/icons/items/housingitem/house_housingitem_table_settler_table02_d.webp"
"Maritime Velvet Captain's Bed","House_HousingItem_Bed_Pirate_Bed01_A","Uncommon","https://cdn.nw-buddy.de/nw-data/live/lyshineui/images/icons/items/housingitem/house_housingitem_bed_pirate_bed01_a.webp"
"Sea Foam Velvet Captain's Bed","House_HousingItem_Bed_Pirate_Bed01_B","Uncommon","https://cdn.nw-buddy.de/nw-data/live/lyshineui/images/icons/items/housingitem/house_housingitem_bed_pirate_bed01_b.webp"
"Bloody Velvet Captain's Bed","House_HousingItem_Bed_Pirate_Bed01_C","Rare","https://cdn.nw-buddy.de/nw-data/live/lyshineui/images/icons/items/housingitem/house_housingitem_bed_pirate_bed01_c.webp"
"Gothic Velvet Captain's Bed","House_HousingItem_Bed_Pirate_Bed01_D","Rare","https://cdn.nw-buddy.de/nw-data/live/lyshineui/images/icons/items/housingitem/house_housingitem_bed_pirate_bed01_d.webp"
"Sailor's Hammock","House_HousingItem_Bed_Pirate_Bed02_A","Uncommon","https://cdn.nw-buddy.de/nw-data/live/lyshineui/images/icons/items/housingitem/house_housingitem_bed_pirate_bed02_a.webp"
"Maritime Velvet Armchair","House_HousingItem_Chair_Pirate_Chair01_A","Rare","https://cdn.nw-buddy.de/nw-data/live/lyshineui/images/icons/items/housingitem/house_housingitem_chair_pirate_chair01_a.webp"
"Sea Foam Velvet Armchair","House_HousingItem_Chair_Pirate_Chair01_B","Rare","https://cdn.nw-buddy.de/nw-data/live/lyshineui/images/icons/items/housingitem/house_housingitem_chair_pirate_chair01_b.webp"
"Bloody Velvet Armchair","House_HousingItem_Chair_Pirate_Chair01_C","Epic","https://cdn.nw-buddy.de/nw-data/live/lyshineui/images/icons/items/housingitem/house_housingitem_chair_pirate_chair01_c.webp"
"Gothic Velvet Armchair","House_HousingItem_Chair_Pirate_Chair01_D","Epic","https://cdn.nw-buddy.de/nw-data/live/lyshineui/images/icons/items/housingitem/house_housingitem_chair_pirate_chair01_d.webp"
"Maritime Velvet Dining Chair","House_HousingItem_Chair_Pirate_Chair02_A","Rare","https://cdn.nw-buddy.de/nw-data/live/lyshineui/images/icons/items/housingitem/house_housingitem_chair_pirate_chair02_a.webp"
"Sea Foam Velvet Dining Chair","House_HousingItem_Chair_Pirate_Chair02_B","Rare","https://cdn.nw-buddy.de/nw-data/live/lyshineui/images/icons/items/housingitem/house_housingitem_chair_pirate_chair02_b.webp"
"Bloody Velvet Dining Chair","House_HousingItem_Chair_Pirate_Chair02_C","Epic","https://cdn.nw-buddy.de/nw-data/live/lyshineui/images/icons/items/housingitem/house_housingitem_chair_pirate_chair02_c.webp"
"Gothic Velvet Dining Chair","House_HousingItem_Chair_Pirate_Chair02_D","Epic","https://cdn.nw-buddy.de/nw-data/live/lyshineui/images/icons/items/housingitem/house_housingitem_chair_pirate_chair02_d.webp"
"Maritime Velvet Footstool","House_HousingItem_Chair_Pirate_Stool_A","Rare","https://cdn.nw-buddy.de/nw-data/live/lyshineui/images/icons/items/housingitem/house_housingitem_chair_pirate_stool_a.webp"
"Sea Foam Velvet Footstool","House_HousingItem_Chair_Pirate_Stool_B","Rare","https://cdn.nw-buddy.de/nw-data/live/lyshineui/images/icons/items/housingitem/house_housingitem_chair_pirate_stool_b.webp"
"Bloody Velvet Footstool","House_HousingItem_Chair_Pirate_Stool_C","Epic","https://cdn.nw-buddy.de/nw-data/live/lyshineui/images/icons/items/housingitem/house_housingitem_chair_pirate_stool_c.webp"
"Gothic Velvet Footstool","House_HousingItem_Chair_Pirate_Stool_D","Epic","https://cdn.nw-buddy.de/nw-data/live/lyshineui/images/icons/items/housingitem/house_housingitem_chair_pirate_stool_d.webp"
"Skull Candleholder","House_HousingItem_Lighting_Pirate_Decor_SkullCandle01","Rare","https://cdn.nw-buddy.de/nw-data/live/lyshineui/images/icons/items/housingitem/house_housingitem_lighting_pirate_decor_skullcandle01.webp"
"Hard-Working Helm Chandelier","House_HousingItem_Lighting_Pirate_LightCeiling01_A","Uncommon","https://cdn.nw-buddy.de/nw-data/live/lyshineui/images/icons/items/housingitem/house_housingitem_lighting_pirate_lightceiling01_a.webp"
"Salt-stripped Helm Chandelier","House_HousingItem_Lighting_Pirate_LightCeiling01_B","Rare","https://cdn.nw-buddy.de/nw-data/live/lyshineui/images/icons/items/housingitem/house_housingitem_lighting_pirate_lightceiling01_b.webp"
"Well-polished Helm Chandelier","House_HousingItem_Lighting_Pirate_LightCeiling01_C","Rare","https://cdn.nw-buddy.de/nw-data/live/lyshineui/images/icons/items/housingitem/house_housingitem_lighting_pirate_lightceiling01_c.webp"
"Black-lacquered Helm Chandelier","House_HousingItem_Lighting_Pirate_LightCeiling01_D","Epic","https://cdn.nw-buddy.de/nw-data/live/lyshineui/images/icons/items/housingitem/house_housingitem_lighting_pirate_lightceiling01_d.webp"
"Silver Candelabra","House_HousingItem_Lighting_Pirate_LightTable01_A","Uncommon","https://cdn.nw-buddy.de/nw-data/live/lyshineui/images/icons/items/housingitem/house_housingitem_lighting_pirate_lighttable01_a.webp"
"Bronze Candelabra","House_HousingItem_Lighting_Pirate_LightTable01_B","Rare","https://cdn.nw-buddy.de/nw-data/live/lyshineui/images/icons/items/housingitem/house_housingitem_lighting_pirate_lighttable01_b.webp"
"Gold Candelabra","House_HousingItem_Lighting_Pirate_LightTable01_C","Rare","https://cdn.nw-buddy.de/nw-data/live/lyshineui/images/icons/items/housingitem/house_housingitem_lighting_pirate_lighttable01_c.webp"
"Brass Candelabra","House_HousingItem_Lighting_Pirate_LightTable01_D","Epic","https://cdn.nw-buddy.de/nw-data/live/lyshineui/images/icons/items/housingitem/house_housingitem_lighting_pirate_lighttable01_d.webp"
"Captain Quicksilver's Lamp, Silver Replica","House_HousingItem_Lighting_Pirate_LightWall01_A","Uncommon","https://cdn.nw-buddy.de/nw-data/live/lyshineui/images/icons/items/housingitem/house_housingitem_lighting_pirate_lightwall01_a.webp"
"Captain Quicksilver's Lamp, Bronze Replica","House_HousingItem_Lighting_Pirate_LightWall01_B","Rare","https://cdn.nw-buddy.de/nw-data/live/lyshineui/images/icons/items/housingitem/house_housingitem_lighting_pirate_lightwall01_b.webp"
"Captain Quicksilver's Lamp, Gold Replica","House_HousingItem_Lighting_Pirate_LightWall01_C","Rare","https://cdn.nw-buddy.de/nw-data/live/lyshineui/images/icons/items/housingitem/house_housingitem_lighting_pirate_lightwall01_c.webp"
"Captain Quicksilver's Lamp, Original","House_HousingItem_Lighting_Pirate_LightWall01_D","Epic","https://cdn.nw-buddy.de/nw-data/live/lyshineui/images/icons/items/housingitem/house_housingitem_lighting_pirate_lightwall01_d.webp"
"Reflector Lamp","House_HousingItem_Lighting_Pirate_LightWall02","Uncommon","https://cdn.nw-buddy.de/nw-data/live/lyshineui/images/icons/items/housingitem/house_housingitem_lighting_pirate_lightwall02.webp"
"Pirate Nightlight","House_HousingItem_Lighting_Pirate_LightWall03","Uncommon","https://cdn.nw-buddy.de/nw-data/live/lyshineui/images/icons/items/housingitem/house_housingitem_lighting_pirate_lightwall03.webp"
"Hard-Working Scrolled Armoire","House_HousingItem_Pirate_Armoire01_A","Rare","https://cdn.nw-buddy.de/nw-data/live/lyshineui/images/icons/items/housingitem/house_housingitem_pirate_armoire01_a.webp"
"Salt-stripped Scrolled Armoire","House_HousingItem_Pirate_Armoire01_B","Rare","https://cdn.nw-buddy.de/nw-data/live/lyshineui/images/icons/items/housingitem/house_housingitem_pirate_armoire01_b.webp"
"Well-polished Scrolled Armoire","House_HousingItem_Pirate_Armoire01_C","Epic","https://cdn.nw-buddy.de/nw-data/live/lyshineui/images/icons/items/housingitem/house_housingitem_pirate_armoire01_c.webp"
"Black-lacquered Scrolled Armoire","House_HousingItem_Pirate_Armoire01_D","Epic","https://cdn.nw-buddy.de/nw-data/live/lyshineui/images/icons/items/housingitem/house_housingitem_pirate_armoire01_d.webp"
"Captain's Bath","House_HousingItem_Pirate_BathTub01","Rare","https://cdn.nw-buddy.de/nw-data/live/lyshineui/images/icons/items/housingitem/house_housingitem_pirate_bathtub01.webp"
"Hard-Working Half-Barrel Table","House_HousingItem_Pirate_BedSideTable_A","Rare","https://cdn.nw-buddy.de/nw-data/live/lyshineui/images/icons/items/housingitem/house_housingitem_pirate_bedsidetable_a.webp"
"Salt-stripped Half-Barrel Table","House_HousingItem_Pirate_BedSideTable_B","Rare","https://cdn.nw-buddy.de/nw-data/live/lyshineui/images/icons/items/housingitem/house_housingitem_pirate_bedsidetable_b.webp"
"Well-polished Half-Barrel Table","House_HousingItem_Pirate_BedSideTable_C","Epic","https://cdn.nw-buddy.de/nw-data/live/lyshineui/images/icons/items/housingitem/house_housingitem_pirate_bedsidetable_c.webp"
"Black-lacquered Half-Barrel Table","House_HousingItem_Pirate_BedSideTable_D","Epic","https://cdn.nw-buddy.de/nw-data/live/lyshineui/images/icons/items/housingitem/house_housingitem_pirate_bedsidetable_d.webp"
"Hard-Working Low Bookcase","House_HousingItem_Pirate_Bookcase01_A","Rare","https://cdn.nw-buddy.de/nw-data/live/lyshineui/images/icons/items/housingitem/house_housingitem_pirate_bookcase01_a.webp"
"Salt-stripped Low Bookcase","House_HousingItem_Pirate_Bookcase01_B","Rare","https://cdn.nw-buddy.de/nw-data/live/lyshineui/images/icons/items/housingitem/house_housingitem_pirate_bookcase01_b.webp"
"Well-polished Low Bookcase","House_HousingItem_Pirate_Bookcase01_C","Epic","https://cdn.nw-buddy.de/nw-data/live/lyshineui/images/icons/items/housingitem/house_housingitem_pirate_bookcase01_c.webp"
"Black-lacquered Low Bookcase","House_HousingItem_Pirate_Bookcase01_D","Epic","https://cdn.nw-buddy.de/nw-data/live/lyshineui/images/icons/items/housingitem/house_housingitem_pirate_bookcase01_d.webp"
"Hard-Working Tall Bookcase","House_HousingItem_Pirate_Bookcase02_A","Rare","https://cdn.nw-buddy.de/nw-data/live/lyshineui/images/icons/items/housingitem/house_housingitem_pirate_bookcase02_a.webp"
"Salt-stripped Tall Bookcase","House_HousingItem_Pirate_Bookcase02_B","Rare","https://cdn.nw-buddy.de/nw-data/live/lyshineui/images/icons/items/housingitem/house_housingitem_pirate_bookcase02_b.webp"
"Well-polished Tall Bookcase","House_HousingItem_Pirate_Bookcase02_C","Epic","https://cdn.nw-buddy.de/nw-data/live/lyshineui/images/icons/items/housingitem/house_housingitem_pirate_bookcase02_c.webp"
"Black-lacquered Tall Bookcase","House_HousingItem_Pirate_Bookcase02_D","Epic","https://cdn.nw-buddy.de/nw-data/live/lyshineui/images/icons/items/housingitem/house_housingitem_pirate_bookcase02_d.webp"
"Hard-Working Short Dresser","House_HousingItem_Pirate_Cabinet01_A","Rare","https://cdn.nw-buddy.de/nw-data/live/lyshineui/images/icons/items/housingitem/house_housingitem_pirate_cabinet01_a.webp"
"Salt-stripped Short Dresser","House_HousingItem_Pirate_Cabinet01_B","Rare","https://cdn.nw-buddy.de/nw-data/live/lyshineui/images/icons/items/housingitem/house_housingitem_pirate_cabinet01_b.webp"
"Well-polished Short Dresser","House_HousingItem_Pirate_Cabinet01_C","Epic","https://cdn.nw-buddy.de/nw-data/live/lyshineui/images/icons/items/housingitem/house_housingitem_pirate_cabinet01_c.webp"
"Black-lacquered Short Dresser","House_HousingItem_Pirate_Cabinet01_D","Epic","https://cdn.nw-buddy.de/nw-data/live/lyshineui/images/icons/items/housingitem/house_housingitem_pirate_cabinet01_d.webp"
"Hard-Working Tall Dresser","House_HousingItem_Pirate_Cabinet02_A","Rare","https://cdn.nw-buddy.de/nw-data/live/lyshineui/images/icons/items/housingitem/house_housingitem_pirate_cabinet02_a.webp"
"Salt-stripped Tall Dresser","House_HousingItem_Pirate_Cabinet02_B","Rare","https://cdn.nw-buddy.de/nw-data/live/lyshineui/images/icons/items/housingitem/house_housingitem_pirate_cabinet02_b.webp"
"Well-polished Tall Dresser","House_HousingItem_Pirate_Cabinet02_C","Epic","https://cdn.nw-buddy.de/nw-data/live/lyshineui/images/icons/items/housingitem/house_housingitem_pirate_cabinet02_c.webp"
"Black-lacquered Tall Dresser","House_HousingItem_Pirate_Cabinet02_D","Epic","https://cdn.nw-buddy.de/nw-data/live/lyshineui/images/icons/items/housingitem/house_housingitem_pirate_cabinet02_d.webp"
"Pirate Anchor","House_HousingItem_Pirate_Decor_Anchor01","Uncommon","https://cdn.nw-buddy.de/nw-data/live/lyshineui/images/icons/items/housingitem/house_housingitem_pirate_decor_anchor01.webp"
"Imitation Bone Wreath","House_HousingItem_Pirate_Decor_BoneWreath01","Uncommon","https://cdn.nw-buddy.de/nw-data/live/lyshineui/images/icons/items/housingitem/house_housingitem_pirate_decor_bonewreath01.webp"
"Storage Cage","House_HousingItem_Pirate_Decor_CageBones01","Rare","https://cdn.nw-buddy.de/nw-data/live/lyshineui/images/icons/items/housingitem/house_housingitem_pirate_decor_cagebones01.webp"
"Iron Cannonballs","House_HousingItem_Pirate_Decor_Cannonballs","Common","https://cdn.nw-buddy.de/nw-data/live/lyshineui/images/icons/items/housingitem/house_housingitem_pirate_decor_cannonballs.webp"
"Short Iron Chain","House_HousingItem_Pirate_Decor_Chains01","Common","https://cdn.nw-buddy.de/nw-data/live/lyshineui/images/icons/items/housingitem/house_housingitem_pirate_decor_chains01.webp"
"Long Iron Chain","House_HousingItem_Pirate_Decor_Chains02","Common","https://cdn.nw-buddy.de/nw-data/live/lyshineui/images/icons/items/housingitem/house_housingitem_pirate_decor_chains02.webp"
"Extra Long Iron Chain","House_HousingItem_Pirate_Decor_Chains03","Uncommon","https://cdn.nw-buddy.de/nw-data/live/lyshineui/images/icons/items/housingitem/house_housingitem_pirate_decor_chains03.webp"
"Maritime Posh Valance","House_HousingItem_Pirate_Decor_Curtain01_A","Rare","https://cdn.nw-buddy.de/nw-data/live/lyshineui/images/icons/items/housingitem/house_housingitem_pirate_decor_curtain01_a.webp"
"Sea Foam Posh Valance","House_HousingItem_Pirate_Decor_Curtain01_B","Epic","https://cdn.nw-buddy.de/nw-data/live/lyshineui/images/icons/items/housingitem/house_housingitem_pirate_decor_curtain01_b.webp"
"Bloody Posh Valance","House_HousingItem_Pirate_Decor_Curtain01_C","Uncommon","https://cdn.nw-buddy.de/nw-data/live/lyshineui/images/icons/items/housingitem/house_housingitem_pirate_decor_curtain01_c.webp"
"Gothic Posh Valance","House_HousingItem_Pirate_Decor_Curtain01_D","Rare","https://cdn.nw-buddy.de/nw-data/live/lyshineui/images/icons/items/housingitem/house_housingitem_pirate_decor_curtain01_d.webp"
"Maritime Posh Curtains","House_HousingItem_Pirate_Decor_Curtain02_A","Rare","https://cdn.nw-buddy.de/nw-data/live/lyshineui/images/icons/items/housingitem/house_housingitem_pirate_decor_curtain02_a.webp"
"Sea Foam Posh Curtains","House_HousingItem_Pirate_Decor_Curtain02_B","Epic","https://cdn.nw-buddy.de/nw-data/live/lyshineui/images/icons/items/housingitem/house_housingitem_pirate_decor_curtain02_b.webp"
"Bloody Posh Curtains","House_HousingItem_Pirate_Decor_Curtain02_C","Rare","https://cdn.nw-buddy.de/nw-data/live/lyshineui/images/icons/items/housingitem/house_housingitem_pirate_decor_curtain02_c.webp"
"Gothic Posh Curtains","House_HousingItem_Pirate_Decor_Curtain02_D","Epic","https://cdn.nw-buddy.de/nw-data/live/lyshineui/images/icons/items/housingitem/house_housingitem_pirate_decor_curtain02_d.webp"
"Maritime Ragged Curtains","House_HousingItem_Pirate_Decor_Curtain03_A","Uncommon","https://cdn.nw-buddy.de/nw-data/live/lyshineui/images/icons/items/housingitem/house_housingitem_pirate_decor_curtain03_a.webp"
"Sea Foam Ragged Curtains","House_HousingItem_Pirate_Decor_Curtain03_B","Rare","https://cdn.nw-buddy.de/nw-data/live/lyshineui/images/icons/items/housingitem/house_housingitem_pirate_decor_curtain03_b.webp"
"Bloody Ragged Curtains","House_HousingItem_Pirate_Decor_Curtain03_C","Uncommon","https://cdn.nw-buddy.de/nw-data/live/lyshineui/images/icons/items/housingitem/house_housingitem_pirate_decor_curtain03_c.webp"
"Gothic Ragged Curtains","House_HousingItem_Pirate_Decor_Curtain03_D","Rare","https://cdn.nw-buddy.de/nw-data/live/lyshineui/images/icons/items/housingitem/house_housingitem_pirate_decor_curtain03_d.webp"
"Grog Crate","House_HousingItem_Pirate_Decor_DrinkCrate01","Common","https://cdn.nw-buddy.de/nw-data/live/lyshineui/images/icons/items/housingitem/house_housingitem_pirate_decor_drinkcrate01.webp"
"Canteen Set","House_HousingItem_Pirate_Decor_DrinkSet01","Common","https://cdn.nw-buddy.de/nw-data/live/lyshineui/images/icons/items/housingitem/house_housingitem_pirate_decor_drinkset01.webp"
"Small Beer Set","House_HousingItem_Pirate_Decor_DrinkSet02","Uncommon","https://cdn.nw-buddy.de/nw-data/live/lyshineui/images/icons/items/housingitem/house_housingitem_pirate_decor_drinkset02.webp"
"Moderate Drinking Set","House_HousingItem_Pirate_Decor_DrinkSet03","Uncommon","https://cdn.nw-buddy.de/nw-data/live/lyshineui/images/icons/items/housingitem/house_housingitem_pirate_decor_drinkset03.webp"
"Old World Globe","House_HousingItem_Pirate_Decor_Globe01","Rare","https://cdn.nw-buddy.de/nw-data/live/lyshineui/images/icons/items/housingitem/house_housingitem_pirate_decor_globe01.webp"
"Pirate Jewel Box","House_HousingItem_Pirate_Decor_JewelBox01","Rare","https://cdn.nw-buddy.de/nw-data/live/lyshineui/images/icons/items/housingitem/house_housingitem_pirate_decor_jewelbox01.webp"
"Ottoman Tea Set","House_HousingItem_Pirate_Decor_LootArrangement01","Rare","https://cdn.nw-buddy.de/nw-data/live/lyshineui/images/icons/items/housingitem/house_housingitem_pirate_decor_lootarrangement01.webp"
"Map of Aeternum","House_HousingItem_Pirate_Decor_Map01","Uncommon","https://cdn.nw-buddy.de/nw-data/live/lyshineui/images/icons/items/housingitem/house_housingitem_pirate_decor_map01.webp"
"Tightly Furled Map","House_HousingItem_Pirate_Decor_Map02","Common","https://cdn.nw-buddy.de/nw-data/live/lyshineui/images/icons/items/housingitem/house_housingitem_pirate_decor_map02.webp"
"Captain's Writing Set","House_HousingItem_Pirate_Decor_MapTools01","Common","https://cdn.nw-buddy.de/nw-data/live/lyshineui/images/icons/items/housingitem/house_housingitem_pirate_decor_maptools01.webp"
"Cartographer's Tools","House_HousingItem_Pirate_Decor_MapTools02","Uncommon","https://cdn.nw-buddy.de/nw-data/live/lyshineui/images/icons/items/housingitem/house_housingitem_pirate_decor_maptools02.webp"
"Oar-nament","House_HousingItem_Pirate_Decor_Oars01","Common","https://cdn.nw-buddy.de/nw-data/live/lyshineui/images/icons/items/housingitem/house_housingitem_pirate_decor_oars01.webp"
"""The Amaranta"" Painting","House_HousingItem_Pirate_Decor_Painting01","Uncommon","https://cdn.nw-buddy.de/nw-data/live/lyshineui/images/icons/items/housingitem/house_housingitem_pirate_decor_painting01.webp"
"""Journey's End"" Painting","House_HousingItem_Pirate_Decor_Painting02","Rare","https://cdn.nw-buddy.de/nw-data/live/lyshineui/images/icons/items/housingitem/house_housingitem_pirate_decor_painting02.webp"
"""Flying Dutchman"" Painting","House_HousingItem_Pirate_Decor_Painting03","Rare","https://cdn.nw-buddy.de/nw-data/live/lyshineui/images/icons/items/housingitem/house_housingitem_pirate_decor_painting03.webp"
"Maritime Place Setting","House_HousingItem_Pirate_Decor_PlaceSetting01","Uncommon","https://cdn.nw-buddy.de/nw-data/live/lyshineui/images/icons/items/housingitem/house_housingitem_pirate_decor_placesetting01.webp"
"Sea Foam Place Setting","House_HousingItem_Pirate_Decor_PlaceSetting02","Uncommon","https://cdn.nw-buddy.de/nw-data/live/lyshineui/images/icons/items/housingitem/house_housingitem_pirate_decor_placesetting02.webp"
"Bloody Place Setting","House_HousingItem_Pirate_Decor_PlaceSetting03","Rare","https://cdn.nw-buddy.de/nw-data/live/lyshineui/images/icons/items/housingitem/house_housingitem_pirate_decor_placesetting03.webp"
"Gothic Place Setting","House_HousingItem_Pirate_Decor_PlaceSetting04","Rare","https://cdn.nw-buddy.de/nw-data/live/lyshineui/images/icons/items/housingitem/house_housingitem_pirate_decor_placesetting04.webp"
"Ship's Cookware","House_HousingItem_Pirate_Decor_PotsAndPans01","Uncommon","https://cdn.nw-buddy.de/nw-data/live/lyshineui/images/icons/items/housingitem/house_housingitem_pirate_decor_potsandpans01.webp"
"Pirate Rigging","House_HousingItem_Pirate_Decor_Ropes01","Common","https://cdn.nw-buddy.de/nw-data/live/lyshineui/images/icons/items/housingitem/house_housingitem_pirate_decor_ropes01.webp"
"Fishing Net Decoration","House_HousingItem_Pirate_Decor_Ropes02","Common","https://cdn.nw-buddy.de/nw-data/live/lyshineui/images/icons/items/housingitem/house_housingitem_pirate_decor_ropes02.webp"
"Pirate Rum Crate","House_HousingItem_Pirate_Decor_RumCrate01","Common","https://cdn.nw-buddy.de/nw-data/live/lyshineui/images/icons/items/housingitem/house_housingitem_pirate_decor_rumcrate01.webp"
"Clouded Glass Jug","House_HousingItem_Pirate_Decor_RumJug01","Common","https://cdn.nw-buddy.de/nw-data/live/lyshineui/images/icons/items/housingitem/house_housingitem_pirate_decor_rumjug01.webp"
"Scholarly Scroll","House_HousingItem_Pirate_Decor_Scroll01","Common","https://cdn.nw-buddy.de/nw-data/live/lyshineui/images/icons/items/housingitem/house_housingitem_pirate_decor_scroll01.webp"
"Letter of Marque","House_HousingItem_Pirate_Decor_Scroll02","Common","https://cdn.nw-buddy.de/nw-data/live/lyshineui/images/icons/items/housingitem/house_housingitem_pirate_decor_scroll02.webp"
"Pirate Sign","House_HousingItem_Pirate_Decor_Sign01","Uncommon","https://cdn.nw-buddy.de/nw-data/live/lyshineui/images/icons/items/housingitem/house_housingitem_pirate_decor_sign01.webp"
"Skull With Fancy Hat","House_HousingItem_Pirate_Decor_SkullHat01","Rare","https://cdn.nw-buddy.de/nw-data/live/lyshineui/images/icons/items/housingitem/house_housingitem_pirate_decor_skullhat01.webp"
"Ship Wheel Swords Display","House_HousingItem_Pirate_Decor_Swords01","Uncommon","https://cdn.nw-buddy.de/nw-data/live/lyshineui/images/icons/items/housingitem/house_housingitem_pirate_decor_swords01.webp"
"Brass Telescope","House_HousingItem_Pirate_Decor_Telescope01","Rare","https://cdn.nw-buddy.de/nw-data/live/lyshineui/images/icons/items/housingitem/house_housingitem_pirate_decor_telescope01.webp"
"Freshwater Barrel","House_HousingItem_Pirate_Decor_WaterBarrel01","Common","https://cdn.nw-buddy.de/nw-data/live/lyshineui/images/icons/items/housingitem/house_housingitem_pirate_decor_waterbarrel01.webp"
"Pirate Washtub","House_HousingItem_Pirate_Decor_WaterTub01","Common","https://cdn.nw-buddy.de/nw-data/live/lyshineui/images/icons/items/housingitem/house_housingitem_pirate_decor_watertub01.webp"
"Pirate Weapon Arrangement","House_HousingItem_Pirate_Decor_WeaponArrangement01","Uncommon","https://cdn.nw-buddy.de/nw-data/live/lyshineui/images/icons/items/housingitem/house_housingitem_pirate_decor_weaponarrangement01.webp"
"Flintlock Pistols","House_HousingItem_Pirate_Decor_WeaponArrangement02","Rare","https://cdn.nw-buddy.de/nw-data/live/lyshineui/images/icons/items/housingitem/house_housingitem_pirate_decor_weaponarrangement02.webp"
"Pirate Crew Keg","House_HousingItem_Pirate_Keg01","Rare","https://cdn.nw-buddy.de/nw-data/live/lyshineui/images/icons/items/housingitem/house_housingitem_pirate_keg01.webp"
"Hard-Working Galley Shelf","House_HousingItem_Pirate_Shelf01_A","Rare","https://cdn.nw-buddy.de/nw-data/live/lyshineui/images/icons/items/housingitem/house_housingitem_pirate_shelf01_a.webp"
"Salt-stripped Galley Shelf","House_HousingItem_Pirate_Shelf01_B","Rare","https://cdn.nw-buddy.de/nw-data/live/lyshineui/images/icons/items/housingitem/house_housingitem_pirate_shelf01_b.webp"
"Well-polished Galley Shelf","House_HousingItem_Pirate_Shelf01_C","Epic","https://cdn.nw-buddy.de/nw-data/live/lyshineui/images/icons/items/housingitem/house_housingitem_pirate_shelf01_c.webp"
"Black-lacquered Galley Shelf","House_HousingItem_Pirate_Shelf01_D","Epic","https://cdn.nw-buddy.de/nw-data/live/lyshineui/images/icons/items/housingitem/house_housingitem_pirate_shelf01_d.webp"
"Copper Water Pump","House_HousingItem_Pirate_Sink01","Uncommon","https://cdn.nw-buddy.de/nw-data/live/lyshineui/images/icons/items/housingitem/house_housingitem_pirate_sink01.webp"
"Ornate Cast-Iron Stove","House_HousingItem_Pirate_Stove01_A","Rare","https://cdn.nw-buddy.de/nw-data/live/lyshineui/images/icons/items/housingitem/house_housingitem_pirate_stove01_a.webp"
"Ornate Copper Stove","House_HousingItem_Pirate_Stove01_B","Rare","https://cdn.nw-buddy.de/nw-data/live/lyshineui/images/icons/items/housingitem/house_housingitem_pirate_stove01_b.webp"
"Ornate Bronze Stove","House_HousingItem_Pirate_Stove01_C","Epic","https://cdn.nw-buddy.de/nw-data/live/lyshineui/images/icons/items/housingitem/house_housingitem_pirate_stove01_c.webp"
"Ornate Gold Stove","House_HousingItem_Pirate_Stove01_D","Epic","https://cdn.nw-buddy.de/nw-data/live/lyshineui/images/icons/items/housingitem/house_housingitem_pirate_stove01_d.webp"
"Curved Maritime Rug","House_HousingItem_Rug_Pirate_Decor_Rug01","Uncommon","https://cdn.nw-buddy.de/nw-data/live/lyshineui/images/icons/items/housingitem/house_housingitem_rug_pirate_decor_rug01.webp"
"Round Sea Foam Rug","House_HousingItem_Rug_Pirate_Decor_Rug02","Rare","https://cdn.nw-buddy.de/nw-data/live/lyshineui/images/icons/items/housingitem/house_housingitem_rug_pirate_decor_rug02.webp"
"Crescent Bloody Rug","House_HousingItem_Rug_Pirate_Decor_Rug03","Rare","https://cdn.nw-buddy.de/nw-data/live/lyshineui/images/icons/items/housingitem/house_housingitem_rug_pirate_decor_rug03.webp"
"Oval Gothic Rug","House_HousingItem_Rug_Pirate_Decor_Rug04","Epic","https://cdn.nw-buddy.de/nw-data/live/lyshineui/images/icons/items/housingitem/house_housingitem_rug_pirate_decor_rug04.webp"
"Booty Storage Chest","House_HousingItem_Storage_T3_Pirate","Rare","https://cdn.nw-buddy.de/nw-data/live/lyshineui/images/icons/items/housingitem/house_housingitem_storage_t3_pirate.webp"
"Short Barrel Countertop","House_HousingItem_Table_Pirate_Counter01","Common","https://cdn.nw-buddy.de/nw-data/live/lyshineui/images/icons/items/housingitem/house_housingitem_table_pirate_counter01.webp"
"Long Barrel Countertop","House_HousingItem_Table_Pirate_Counter02","Uncommon","https://cdn.nw-buddy.de/nw-data/live/lyshineui/images/icons/items/housingitem/house_housingitem_table_pirate_counter02.webp"
"Hard-Working Scrolled Desk","House_HousingItem_Table_Pirate_Desk01_A","Rare","https://cdn.nw-buddy.de/nw-data/live/lyshineui/images/icons/items/housingitem/house_housingitem_table_pirate_desk01_a.webp"
"Salt-stripped Scrolled Desk","House_HousingItem_Table_Pirate_Desk01_B","Rare","https://cdn.nw-buddy.de/nw-data/live/lyshineui/images/icons/items/housingitem/house_housingitem_table_pirate_desk01_b.webp"
"Well-polished Scrolled Desk","House_HousingItem_Table_Pirate_Desk01_C","Epic","https://cdn.nw-buddy.de/nw-data/live/lyshineui/images/icons/items/housingitem/house_housingitem_table_pirate_desk01_c.webp"
"Black-lacquered Scrolled Desk","House_HousingItem_Table_Pirate_Desk01_D","Epic","https://cdn.nw-buddy.de/nw-data/live/lyshineui/images/icons/items/housingitem/house_housingitem_table_pirate_desk01_d.webp"
"Hard-Working Vanity Table","House_HousingItem_Table_Pirate_Dresser01_A","Rare","https://cdn.nw-buddy.de/nw-data/live/lyshineui/images/icons/items/housingitem/house_housingitem_table_pirate_dresser01_a.webp"
"Salt-stripped Vanity Table","House_HousingItem_Table_Pirate_Dresser01_B","Rare","https://cdn.nw-buddy.de/nw-data/live/lyshineui/images/icons/items/housingitem/house_housingitem_table_pirate_dresser01_b.webp"
"Well-polished Vanity Table","House_HousingItem_Table_Pirate_Dresser01_C","Epic","https://cdn.nw-buddy.de/nw-data/live/lyshineui/images/icons/items/housingitem/house_housingitem_table_pirate_dresser01_c.webp"
"Black-lacquered Vanity Table","House_HousingItem_Table_Pirate_Dresser01_D","Epic","https://cdn.nw-buddy.de/nw-data/live/lyshineui/images/icons/items/housingitem/house_housingitem_table_pirate_dresser01_d.webp"
"Pirate Keg Kitchen Island","House_HousingItem_Table_Pirate_Island01","Uncommon","https://cdn.nw-buddy.de/nw-data/live/lyshineui/images/icons/items/housingitem/house_housingitem_table_pirate_island01.webp"
"Hard-Working Dining Table","House_HousingItem_Table_Pirate_Table01_A","Rare","https://cdn.nw-buddy.de/nw-data/live/lyshineui/images/icons/items/housingitem/house_housingitem_table_pirate_table01_a.webp"
"Salt-stripped Dining Table","House_HousingItem_Table_Pirate_Table01_B","Rare","https://cdn.nw-buddy.de/nw-data/live/lyshineui/images/icons/items/housingitem/house_housingitem_table_pirate_table01_b.webp"
"Well-polished Dining Table","House_HousingItem_Table_Pirate_Table01_C","Epic","https://cdn.nw-buddy.de/nw-data/live/lyshineui/images/icons/items/housingitem/house_housingitem_table_pirate_table01_c.webp"
"Black-lacquered Dining Table","House_HousingItem_Table_Pirate_Table01_D","Epic","https://cdn.nw-buddy.de/nw-data/live/lyshineui/images/icons/items/housingitem/house_housingitem_table_pirate_table01_d.webp"
"Hard-Working Small Table","House_HousingItem_Table_Pirate_Table02_A","Rare","https://cdn.nw-buddy.de/nw-data/live/lyshineui/images/icons/items/housingitem/house_housingitem_table_pirate_table02_a.webp"
"Salt-stripped Small Table","House_HousingItem_Table_Pirate_Table02_B","Rare","https://cdn.nw-buddy.de/nw-data/live/lyshineui/images/icons/items/housingitem/house_housingitem_table_pirate_table02_b.webp"
"Well-polished Small Table","House_HousingItem_Table_Pirate_Table02_C","Epic","https://cdn.nw-buddy.de/nw-data/live/lyshineui/images/icons/items/housingitem/house_housingitem_table_pirate_table02_c.webp"
"Black-lacquered Small Table","House_HousingItem_Table_Pirate_Table02_D","Epic","https://cdn.nw-buddy.de/nw-data/live/lyshineui/images/icons/items/housingitem/house_housingitem_table_pirate_table02_d.webp"
"Teak Carved Canopy Bed","House_HousingItem_Bed_Dynasty_Bed01_A","Uncommon","https://cdn.nw-buddy.de/nw-data/live/lyshineui/images/icons/items/housingitem/house_housingitem_bed_dynasty_bed01_a.webp"
"Ebony Carved Canopy Bed","House_HousingItem_Bed_Dynasty_Bed01_B","Rare","https://cdn.nw-buddy.de/nw-data/live/lyshineui/images/icons/items/housingitem/house_housingitem_bed_dynasty_bed01_b.webp"
"Rosewood Carved Canopy Bed","House_HousingItem_Bed_Dynasty_Bed01_C","Rare","https://cdn.nw-buddy.de/nw-data/live/lyshineui/images/icons/items/housingitem/house_housingitem_bed_dynasty_bed01_c.webp"
"Jade Carved Canopy Bed","House_HousingItem_Bed_Dynasty_Bed01_D","Epic","https://cdn.nw-buddy.de/nw-data/live/lyshineui/images/icons/items/housingitem/house_housingitem_bed_dynasty_bed01_d.webp"
"Goldenrod Silk Daybed","House_HousingItem_Bed_Dynasty_Bed02_A","Uncommon","https://cdn.nw-buddy.de/nw-data/live/lyshineui/images/icons/items/housingitem/house_housingitem_bed_dynasty_bed02_a.webp"
"Ruby Silk Daybed","House_HousingItem_Bed_Dynasty_Bed02_B","Rare","https://cdn.nw-buddy.de/nw-data/live/lyshineui/images/icons/items/housingitem/house_housingitem_bed_dynasty_bed02_b.webp"
"Turquoise Silk Daybed","House_HousingItem_Bed_Dynasty_Bed02_C","Rare","https://cdn.nw-buddy.de/nw-data/live/lyshineui/images/icons/items/housingitem/house_housingitem_bed_dynasty_bed02_c.webp"
"White Gold Silk Daybed","House_HousingItem_Bed_Dynasty_Bed02_D","Epic","https://cdn.nw-buddy.de/nw-data/live/lyshineui/images/icons/items/housingitem/house_housingitem_bed_dynasty_bed02_d.webp"
"Carved Teak Armchair","House_HousingItem_Chair_Dynasty_Chair01_A","Uncommon","https://cdn.nw-buddy.de/nw-data/live/lyshineui/images/icons/items/housingitem/house_housingitem_chair_dynasty_chair01_a.webp"
"Carved Ebony Armchair","House_HousingItem_Chair_Dynasty_Chair01_B","Rare","https://cdn.nw-buddy.de/nw-data/live/lyshineui/images/icons/items/housingitem/house_housingitem_chair_dynasty_chair01_b.webp"
"Carved Rosewood Armchair","House_HousingItem_Chair_Dynasty_Chair01_C","Rare","https://cdn.nw-buddy.de/nw-data/live/lyshineui/images/icons/items/housingitem/house_housingitem_chair_dynasty_chair01_c.webp"
"Carved Jade Armchair","House_HousingItem_Chair_Dynasty_Chair01_D","Epic","https://cdn.nw-buddy.de/nw-data/live/lyshineui/images/icons/items/housingitem/house_housingitem_chair_dynasty_chair01_d.webp"
"Graceful Teak Chair","House_HousingItem_Chair_Dynasty_Chair02_A","Uncommon","https://cdn.nw-buddy.de/nw-data/live/lyshineui/images/icons/items/housingitem/house_housingitem_chair_dynasty_chair02_a.webp"
"Graceful Ebony Chair","House_HousingItem_Chair_Dynasty_Chair02_B","Rare","https://cdn.nw-buddy.de/nw-data/live/lyshineui/images/icons/items/housingitem/house_housingitem_chair_dynasty_chair02_b.webp"
"Graceful Rosewood Chair","House_HousingItem_Chair_Dynasty_Chair02_C","Rare","https://cdn.nw-buddy.de/nw-data/live/lyshineui/images/icons/items/housingitem/house_housingitem_chair_dynasty_chair02_c.webp"
"Graceful Jade Chair","House_HousingItem_Chair_Dynasty_Chair02_D","Epic","https://cdn.nw-buddy.de/nw-data/live/lyshineui/images/icons/items/housingitem/house_housingitem_chair_dynasty_chair02_d.webp"
"Carved Teak Stool","House_HousingItem_Chair_Dynasty_Stool_A","Uncommon","https://cdn.nw-buddy.de/nw-data/live/lyshineui/images/icons/items/housingitem/house_housingitem_chair_dynasty_stool_a.webp"
"Carved Ebony Stool","House_HousingItem_Chair_Dynasty_Stool_B","Rare","https://cdn.nw-buddy.de/nw-data/live/lyshineui/images/icons/items/housingitem/house_housingitem_chair_dynasty_stool_b.webp"
"Carved Rosewood Stool","House_HousingItem_Chair_Dynasty_Stool_C","Rare","https://cdn.nw-buddy.de/nw-data/live/lyshineui/images/icons/items/housingitem/house_housingitem_chair_dynasty_stool_c.webp"
"Carved Jade Stool","House_HousingItem_Chair_Dynasty_Stool_D","Epic","https://cdn.nw-buddy.de/nw-data/live/lyshineui/images/icons/items/housingitem/house_housingitem_chair_dynasty_stool_d.webp"
"Teak Apothecary Cabinet","House_HousingItem_Dynasty_Armoire01_A","Uncommon","https://cdn.nw-buddy.de/nw-data/live/lyshineui/images/icons/items/housingitem/house_housingitem_dynasty_armoire01_a.webp"
"Ebony Apothecary Cabinet","House_HousingItem_Dynasty_Armoire01_B","Rare","https://cdn.nw-buddy.de/nw-data/live/lyshineui/images/icons/items/housingitem/house_housingitem_dynasty_armoire01_b.webp"
"Rosewood Apothecary Cabinet","House_HousingItem_Dynasty_Armoire01_C","Rare","https://cdn.nw-buddy.de/nw-data/live/lyshineui/images/icons/items/housingitem/house_housingitem_dynasty_armoire01_c.webp"
"Jade Apothecary Cabinet","House_HousingItem_Dynasty_Armoire01_D","Epic","https://cdn.nw-buddy.de/nw-data/live/lyshineui/images/icons/items/housingitem/house_housingitem_dynasty_armoire01_d.webp"
"Large Teak Bookcase","House_HousingItem_Dynasty_Bookcase01_A","Uncommon","https://cdn.nw-buddy.de/nw-data/live/lyshineui/images/icons/items/housingitem/house_housingitem_dynasty_bookcase01_a.webp"
"Large Ebony Bookcase","House_HousingItem_Dynasty_Bookcase01_B","Rare","https://cdn.nw-buddy.de/nw-data/live/lyshineui/images/icons/items/housingitem/house_housingitem_dynasty_bookcase01_b.webp"
"Large Rosewood Bookcase","House_HousingItem_Dynasty_Bookcase01_C","Rare","https://cdn.nw-buddy.de/nw-data/live/lyshineui/images/icons/items/housingitem/house_housingitem_dynasty_bookcase01_c.webp"
"Large Jade Bookcase","House_HousingItem_Dynasty_Bookcase01_D","Epic","https://cdn.nw-buddy.de/nw-data/live/lyshineui/images/icons/items/housingitem/house_housingitem_dynasty_bookcase01_d.webp"
"Narrow Teak Bookcase","House_HousingItem_Dynasty_Bookcase02_A","Uncommon","https://cdn.nw-buddy.de/nw-data/live/lyshineui/images/icons/items/housingitem/house_housingitem_dynasty_bookcase02_a.webp"
"Narrow Ebony Bookcase","House_HousingItem_Dynasty_Bookcase02_B","Rare","https://cdn.nw-buddy.de/nw-data/live/lyshineui/images/icons/items/housingitem/house_housingitem_dynasty_bookcase02_b.webp"
"Narrow Rosewood Bookcase","House_HousingItem_Dynasty_Bookcase02_C","Rare","https://cdn.nw-buddy.de/nw-data/live/lyshineui/images/icons/items/housingitem/house_housingitem_dynasty_bookcase02_c.webp"
"Narrow Jade Bookcase","House_HousingItem_Dynasty_Bookcase02_D","Epic","https://cdn.nw-buddy.de/nw-data/live/lyshineui/images/icons/items/housingitem/house_housingitem_dynasty_bookcase02_d.webp"
"Painted Teak Chest","House_HousingItem_Dynasty_Cabinet01_A","Uncommon","https://cdn.nw-buddy.de/nw-data/live/lyshineui/images/icons/items/housingitem/house_housingitem_dynasty_cabinet01_a.webp"
"Painted Ebony Chest","House_HousingItem_Dynasty_Cabinet01_B","Rare","https://cdn.nw-buddy.de/nw-data/live/lyshineui/images/icons/items/housingitem/house_housingitem_dynasty_cabinet01_b.webp"
"Painted Rosewood Chest","House_HousingItem_Dynasty_Cabinet01_C","Rare","https://cdn.nw-buddy.de/nw-data/live/lyshineui/images/icons/items/housingitem/house_housingitem_dynasty_cabinet01_c.webp"
"Painted Jade Chest","House_HousingItem_Dynasty_Cabinet01_D","Epic","https://cdn.nw-buddy.de/nw-data/live/lyshineui/images/icons/items/housingitem/house_housingitem_dynasty_cabinet01_d.webp"
"Teak Weapon Rack","House_HousingItem_Dynasty_Cabinet02_A","Uncommon","https://cdn.nw-buddy.de/nw-data/live/lyshineui/images/icons/items/housingitem/house_housingitem_dynasty_cabinet02_a.webp"
"Ebony Weapon Rack","House_HousingItem_Dynasty_Cabinet02_B","Rare","https://cdn.nw-buddy.de/nw-data/live/lyshineui/images/icons/items/housingitem/house_housingitem_dynasty_cabinet02_b.webp"
"Rosewood Weapon Rack","House_HousingItem_Dynasty_Cabinet02_C","Rare","https://cdn.nw-buddy.de/nw-data/live/lyshineui/images/icons/items/housingitem/house_housingitem_dynasty_cabinet02_c.webp"
"Jade Weapon Rack","House_HousingItem_Dynasty_Cabinet02_D","Epic","https://cdn.nw-buddy.de/nw-data/live/lyshineui/images/icons/items/housingitem/house_housingitem_dynasty_cabinet02_d.webp"
"Hanging Wicker Bowls","House_HousingItem_Dynasty_Decor_Ceiling_Dishes01","Common","https://cdn.nw-buddy.de/nw-data/live/lyshineui/images/icons/items/housingitem/house_housingitem_dynasty_decor_ceiling_dishes01.webp"
"Hanging Herb Garden","House_HousingItem_Dynasty_Decor_Ceiling_Plant01","Uncommon","https://cdn.nw-buddy.de/nw-data/live/lyshineui/images/icons/items/housingitem/house_housingitem_dynasty_decor_ceiling_plant01.webp"
"Hanging Plant Nursery","House_HousingItem_Dynasty_Decor_Ceiling_Plant02","Uncommon","https://cdn.nw-buddy.de/nw-data/live/lyshineui/images/icons/items/housingitem/house_housingitem_dynasty_decor_ceiling_plant02.webp"
"Hanging Bonsai","House_HousingItem_Dynasty_Decor_Ceiling_Plant03","Rare","https://cdn.nw-buddy.de/nw-data/live/lyshineui/images/icons/items/housingitem/house_housingitem_dynasty_decor_ceiling_plant03.webp"
"Green Clay Pot","House_HousingItem_Dynasty_Decor_ClayBarrel01_A","Rare","https://cdn.nw-buddy.de/nw-data/live/lyshineui/images/icons/items/housingitem/house_housingitem_dynasty_decor_claybarrel01_a.webp"
"Red Clay Pot","House_HousingItem_Dynasty_Decor_ClayBarrel01_B","Common","https://cdn.nw-buddy.de/nw-data/live/lyshineui/images/icons/items/housingitem/house_housingitem_dynasty_decor_claybarrel01_b.webp"
"Natural Clay Amphora","House_HousingItem_Dynasty_Decor_ClayBarrel02_A","Common","https://cdn.nw-buddy.de/nw-data/live/lyshineui/images/icons/items/housingitem/house_housingitem_dynasty_decor_claybarrel02_a.webp"
"Red Clay Amphora","House_HousingItem_Dynasty_Decor_ClayBarrel02_B","Common","https://cdn.nw-buddy.de/nw-data/live/lyshineui/images/icons/items/housingitem/house_housingitem_dynasty_decor_claybarrel02_b.webp"
"Living Bamboo Planter","House_HousingItem_Dynasty_Decor_Floor_Plant01","Uncommon","https://cdn.nw-buddy.de/nw-data/live/lyshineui/images/icons/items/housingitem/house_housingitem_dynasty_decor_floor_plant01.webp"
"Bamboo Display Vase","House_HousingItem_Dynasty_Decor_Floor_Plant02","Rare","https://cdn.nw-buddy.de/nw-data/live/lyshineui/images/icons/items/housingitem/house_housingitem_dynasty_decor_floor_plant02.webp"
"Cut Bamboo Storage Pot","House_HousingItem_Dynasty_Decor_Floor_Plant03","Common","https://cdn.nw-buddy.de/nw-data/live/lyshineui/images/icons/items/housingitem/house_housingitem_dynasty_decor_floor_plant03.webp"
"Crowded Armory Rack","House_HousingItem_Dynasty_Decor_Floor_WeaponRack01","Rare","https://cdn.nw-buddy.de/nw-data/live/lyshineui/images/icons/items/housingitem/house_housingitem_dynasty_decor_floor_weaponrack01.webp"
"Short Green Porcelain Vase","House_HousingItem_Dynasty_Decor_SmallVase_A","Rare","https://cdn.nw-buddy.de/nw-data/live/lyshineui/images/icons/items/housingitem/house_housingitem_dynasty_decor_smallvase_a.webp"
"Short Red Porcelain Vase","House_HousingItem_Dynasty_Decor_SmallVase_B","Rare","https://cdn.nw-buddy.de/nw-data/live/lyshineui/images/icons/items/housingitem/house_housingitem_dynasty_decor_smallvase_b.webp"
"Short Black Porcelain Vase","House_HousingItem_Dynasty_Decor_SmallVase_C","Epic","https://cdn.nw-buddy.de/nw-data/live/lyshineui/images/icons/items/housingitem/house_housingitem_dynasty_decor_smallvase_c.webp"
"Short Cream Porcelain Vase","House_HousingItem_Dynasty_Decor_SmallVase_D","Epic","https://cdn.nw-buddy.de/nw-data/live/lyshineui/images/icons/items/housingitem/house_housingitem_dynasty_decor_smallvase_d.webp"
"Short White Porcelain Vase","House_HousingItem_Dynasty_Decor_SmallVase_E","Uncommon","https://cdn.nw-buddy.de/nw-data/live/lyshineui/images/icons/items/housingitem/house_housingitem_dynasty_decor_smallvase_e.webp"
"Iron Wok Set","House_HousingItem_Dynasty_Decor_Table_Dishes01","Common","https://cdn.nw-buddy.de/nw-data/live/lyshineui/images/icons/items/housingitem/house_housingitem_dynasty_decor_table_dishes01.webp"
"Unwashed China","House_HousingItem_Dynasty_Decor_Table_Dishes02","Uncommon","https://cdn.nw-buddy.de/nw-data/live/lyshineui/images/icons/items/housingitem/house_housingitem_dynasty_decor_table_dishes02.webp"
"Dumpling Steamer Set","House_HousingItem_Dynasty_Decor_Table_Dishes03","Common","https://cdn.nw-buddy.de/nw-data/live/lyshineui/images/icons/items/housingitem/house_housingitem_dynasty_decor_table_dishes03.webp"
"Tea and Snacks China Set","House_HousingItem_Dynasty_Decor_Table_Dishes04","Rare","https://cdn.nw-buddy.de/nw-data/live/lyshineui/images/icons/items/housingitem/house_housingitem_dynasty_decor_table_dishes04.webp"
"Tea Ceremony Set","House_HousingItem_Dynasty_Decor_Table_Dishes05","Uncommon","https://cdn.nw-buddy.de/nw-data/live/lyshineui/images/icons/items/housingitem/house_housingitem_dynasty_decor_table_dishes05.webp"
"Goldfish in Porcelain Bowl","House_HousingItem_Dynasty_Decor_Table_Fishbowl01","Epic","https://cdn.nw-buddy.de/nw-data/live/lyshineui/images/icons/items/housingitem/house_housingitem_dynasty_decor_table_fishbowl01.webp"
"Winter Flower Arrangement","House_HousingItem_Dynasty_Decor_Table_FlowerPot01","Rare","https://cdn.nw-buddy.de/nw-data/live/lyshineui/images/icons/items/housingitem/house_housingitem_dynasty_decor_table_flowerpot01.webp"
"Fusion Flower Arrangement","House_HousingItem_Dynasty_Decor_Table_FlowerPot02","Uncommon","https://cdn.nw-buddy.de/nw-data/live/lyshineui/images/icons/items/housingitem/house_housingitem_dynasty_decor_table_flowerpot02.webp"
"Poignant Flower Arrangement","House_HousingItem_Dynasty_Decor_Table_FlowerPot03","Common","https://cdn.nw-buddy.de/nw-data/live/lyshineui/images/icons/items/housingitem/house_housingitem_dynasty_decor_table_flowerpot03.webp"
"Goldenrod Place Setting","House_HousingItem_Dynasty_Decor_Table_PlaceSetting01","Uncommon","https://cdn.nw-buddy.de/nw-data/live/lyshineui/images/icons/items/housingitem/house_housingitem_dynasty_decor_table_placesetting01.webp"
"Ruby Place Setting","House_HousingItem_Dynasty_Decor_Table_PlaceSetting02","Rare","https://cdn.nw-buddy.de/nw-data/live/lyshineui/images/icons/items/housingitem/house_housingitem_dynasty_decor_table_placesetting02.webp"
"Turquoise Place Setting","House_HousingItem_Dynasty_Decor_Table_PlaceSetting03","Rare","https://cdn.nw-buddy.de/nw-data/live/lyshineui/images/icons/items/housingitem/house_housingitem_dynasty_decor_table_placesetting03.webp"
"White Gold Place Setting","House_HousingItem_Dynasty_Decor_Table_PlaceSetting04","Epic","https://cdn.nw-buddy.de/nw-data/live/lyshineui/images/icons/items/housingitem/house_housingitem_dynasty_decor_table_placesetting04.webp"
"Bonsai Centerpiece","House_HousingItem_Dynasty_Decor_Table_Plant01","Epic","https://cdn.nw-buddy.de/nw-data/live/lyshineui/images/icons/items/housingitem/house_housingitem_dynasty_decor_table_plant01.webp"
"Calligraphy Brush Set","House_HousingItem_Dynasty_Decor_Table_Stationary01","Uncommon","https://cdn.nw-buddy.de/nw-data/live/lyshineui/images/icons/items/housingitem/house_housingitem_dynasty_decor_table_stationary01.webp"
"Letter-writing Set with Brush Drying Rack","House_HousingItem_Dynasty_Decor_Table_Stationary02","Uncommon","https://cdn.nw-buddy.de/nw-data/live/lyshineui/images/icons/items/housingitem/house_housingitem_dynasty_decor_table_stationary02.webp"
"Brush Set with Parcels","House_HousingItem_Dynasty_Decor_Table_Stationary03","Common","https://cdn.nw-buddy.de/nw-data/live/lyshineui/images/icons/items/housingitem/house_housingitem_dynasty_decor_table_stationary03.webp"
"Tea Serving Set","House_HousingItem_Dynasty_Decor_Table_TeaSet01","Epic","https://cdn.nw-buddy.de/nw-data/live/lyshineui/images/icons/items/housingitem/house_housingitem_dynasty_decor_table_teaset01.webp"
"Tall Green Porcelain Vase","House_HousingItem_Dynasty_Decor_TallVase_A","Rare","https://cdn.nw-buddy.de/nw-data/live/lyshineui/images/icons/items/housingitem/house_housingitem_dynasty_decor_tallvase_a.webp"
"Tall Red Porcelain Vase","House_HousingItem_Dynasty_Decor_TallVase_B","Rare","https://cdn.nw-buddy.de/nw-data/live/lyshineui/images/icons/items/housingitem/house_housingitem_dynasty_decor_tallvase_b.webp"
"Tall Black Porcelain Vase","House_HousingItem_Dynasty_Decor_TallVase_C","Epic","https://cdn.nw-buddy.de/nw-data/live/lyshineui/images/icons/items/housingitem/house_housingitem_dynasty_decor_tallvase_c.webp"
"Tall Cream Porcelain Vase","House_HousingItem_Dynasty_Decor_TallVase_D","Epic","https://cdn.nw-buddy.de/nw-data/live/lyshineui/images/icons/items/housingitem/house_housingitem_dynasty_decor_tallvase_d.webp"
"Tall White Porcelain Vase","House_HousingItem_Dynasty_Decor_TallVase_E","Uncommon","https://cdn.nw-buddy.de/nw-data/live/lyshineui/images/icons/items/housingitem/house_housingitem_dynasty_decor_tallvase_e.webp"
"Red-lacquered Songbird Cage","House_HousingItem_Dynasty_Decor_Wall_Birdcage01","Rare","https://cdn.nw-buddy.de/nw-data/live/lyshineui/images/icons/items/housingitem/house_housingitem_dynasty_decor_wall_birdcage01.webp"
"Teak Painted Bamboo Blinds","House_HousingItem_Dynasty_Decor_Wall_Curtain01_A","Uncommon","https://cdn.nw-buddy.de/nw-data/live/lyshineui/images/icons/items/housingitem/house_housingitem_dynasty_decor_wall_curtain01_a.webp"
"Ebony Painted Bamboo Blinds","House_HousingItem_Dynasty_Decor_Wall_Curtain01_B","Rare","https://cdn.nw-buddy.de/nw-data/live/lyshineui/images/icons/items/housingitem/house_housingitem_dynasty_decor_wall_curtain01_b.webp"
"Rosewood Painted Bamboo Blinds","House_HousingItem_Dynasty_Decor_Wall_Curtain01_C","Rare","https://cdn.nw-buddy.de/nw-data/live/lyshineui/images/icons/items/housingitem/house_housingitem_dynasty_decor_wall_curtain01_c.webp"
"Jade Painted Bamboo Blinds","House_HousingItem_Dynasty_Decor_Wall_Curtain01_D","Epic","https://cdn.nw-buddy.de/nw-data/live/lyshineui/images/icons/items/housingitem/house_housingitem_dynasty_decor_wall_curtain01_d.webp"
"Goldenrod Brocade Drapes","House_HousingItem_Dynasty_Decor_Wall_Curtain02_A","Uncommon","https://cdn.nw-buddy.de/nw-data/live/lyshineui/images/icons/items/housingitem/house_housingitem_dynasty_decor_wall_curtain02_a.webp"
"Ruby Brocade Drapes","House_HousingItem_Dynasty_Decor_Wall_Curtain02_B","Rare","https://cdn.nw-buddy.de/nw-data/live/lyshineui/images/icons/items/housingitem/house_housingitem_dynasty_decor_wall_curtain02_b.webp"
"Turquoise Brocade Drapes","House_HousingItem_Dynasty_Decor_Wall_Curtain02_C","Rare","https://cdn.nw-buddy.de/nw-data/live/lyshineui/images/icons/items/housingitem/house_housingitem_dynasty_decor_wall_curtain02_c.webp"
"White Gold Brocade Drapes","House_HousingItem_Dynasty_Decor_Wall_Curtain02_D","Epic","https://cdn.nw-buddy.de/nw-data/live/lyshineui/images/icons/items/housingitem/house_housingitem_dynasty_decor_wall_curtain02_d.webp"
"Goldenrod Brocade Valance","House_HousingItem_Dynasty_Decor_Wall_Curtain03_A","Uncommon","https://cdn.nw-buddy.de/nw-data/live/lyshineui/images/icons/items/housingitem/house_housingitem_dynasty_decor_wall_curtain03_a.webp"
"Ruby Brocade Valance","House_HousingItem_Dynasty_Decor_Wall_Curtain03_B","Rare","https://cdn.nw-buddy.de/nw-data/live/lyshineui/images/icons/items/housingitem/house_housingitem_dynasty_decor_wall_curtain03_b.webp"
"Turquoise Brocade Valance","House_HousingItem_Dynasty_Decor_Wall_Curtain03_C","Rare","https://cdn.nw-buddy.de/nw-data/live/lyshineui/images/icons/items/housingitem/house_housingitem_dynasty_decor_wall_curtain03_c.webp"
"White Gold Brocade Valance","House_HousingItem_Dynasty_Decor_Wall_Curtain03_D","Epic","https://cdn.nw-buddy.de/nw-data/live/lyshineui/images/icons/items/housingitem/house_housingitem_dynasty_decor_wall_curtain03_d.webp"
"Sentimental Silk Fans","House_HousingItem_Dynasty_Decor_Wall_Fans01","Rare","https://cdn.nw-buddy.de/nw-data/live/lyshineui/images/icons/items/housingitem/house_housingitem_dynasty_decor_wall_fans01.webp"
"Poignant Flower Hanging Basket","House_HousingItem_Dynasty_Decor_Wall_FlowerPot01","Uncommon","https://cdn.nw-buddy.de/nw-data/live/lyshineui/images/icons/items/housingitem/house_housingitem_dynasty_decor_wall_flowerpot01.webp"
"Decorative Root Ball","House_HousingItem_Dynasty_Decor_Wall_FlowerPot02","Common","https://cdn.nw-buddy.de/nw-data/live/lyshineui/images/icons/items/housingitem/house_housingitem_dynasty_decor_wall_flowerpot02.webp"
"Fragrant Incense Censer","House_HousingItem_Dynasty_Decor_Wall_Incense01","Rare","https://cdn.nw-buddy.de/nw-data/live/lyshineui/images/icons/items/housingitem/house_housingitem_dynasty_decor_wall_incense01.webp"
"""Pine Bonsai"" Painting","House_HousingItem_Dynasty_Decor_Wall_Painting01","Uncommon","https://cdn.nw-buddy.de/nw-data/live/lyshineui/images/icons/items/housingitem/house_housingitem_dynasty_decor_wall_painting01.webp"
"""Sunrise Over the Western Mountains"" Painting","House_HousingItem_Dynasty_Decor_Wall_Painting02","Rare","https://cdn.nw-buddy.de/nw-data/live/lyshineui/images/icons/items/housingitem/house_housingitem_dynasty_decor_wall_painting02.webp"
"""Improbable Pagoda"" Painting","House_HousingItem_Dynasty_Decor_Wall_Painting03","Uncommon","https://cdn.nw-buddy.de/nw-data/live/lyshineui/images/icons/items/housingitem/house_housingitem_dynasty_decor_wall_painting03.webp"
"""Clouds of Heaven"" Painting","House_HousingItem_Dynasty_Decor_Wall_Painting04","Rare","https://cdn.nw-buddy.de/nw-data/live/lyshineui/images/icons/items/housingitem/house_housingitem_dynasty_decor_wall_painting04.webp"
"Huangjiu Amphora","House_HousingItem_Dynasty_Decor_WineJug_A","Uncommon","https://cdn.nw-buddy.de/nw-data/live/lyshineui/images/icons/items/housingitem/house_housingitem_dynasty_decor_winejug_a.webp"
"Teak Dresser","House_HousingItem_Dynasty_Dresser01_A","Uncommon","https://cdn.nw-buddy.de/nw-data/live/lyshineui/images/icons/items/housingitem/house_housingitem_dynasty_dresser01_a.webp"
"Ebony Dresser","House_HousingItem_Dynasty_Dresser01_B","Rare","https://cdn.nw-buddy.de/nw-data/live/lyshineui/images/icons/items/housingitem/house_housingitem_dynasty_dresser01_b.webp"
"Rosewood Dresser","House_HousingItem_Dynasty_Dresser01_C","Rare","https://cdn.nw-buddy.de/nw-data/live/lyshineui/images/icons/items/housingitem/house_housingitem_dynasty_dresser01_c.webp"
"Jade Dresser","House_HousingItem_Dynasty_Dresser01_D","Epic","https://cdn.nw-buddy.de/nw-data/live/lyshineui/images/icons/items/housingitem/house_housingitem_dynasty_dresser01_d.webp"
"Teak Circular Curio Shelf","House_HousingItem_Dynasty_Shelf01_A","Uncommon","https://cdn.nw-buddy.de/nw-data/live/lyshineui/images/icons/items/housingitem/house_housingitem_dynasty_shelf01_a.webp"
"Ebony Circular Curio Shelf","House_HousingItem_Dynasty_Shelf01_B","Rare","https://cdn.nw-buddy.de/nw-data/live/lyshineui/images/icons/items/housingitem/house_housingitem_dynasty_shelf01_b.webp"
"Rosewood Circular Curio Shelf","House_HousingItem_Dynasty_Shelf01_C","Rare","https://cdn.nw-buddy.de/nw-data/live/lyshineui/images/icons/items/housingitem/house_housingitem_dynasty_shelf01_c.webp"
"Jade Circular Curio Shelf","House_HousingItem_Dynasty_Shelf01_D","Epic","https://cdn.nw-buddy.de/nw-data/live/lyshineui/images/icons/items/housingitem/house_housingitem_dynasty_shelf01_d.webp"
"Teak Pedestal Shelf","House_HousingItem_Dynasty_Shelf02_A","Uncommon","https://cdn.nw-buddy.de/nw-data/live/lyshineui/images/icons/items/housingitem/house_housingitem_dynasty_shelf02_a.webp"
"Ebony Pedestal Shelf","House_HousingItem_Dynasty_Shelf02_B","Rare","https://cdn.nw-buddy.de/nw-data/live/lyshineui/images/icons/items/housingitem/house_housingitem_dynasty_shelf02_b.webp"
"Rosewood Pedestal Shelf","House_HousingItem_Dynasty_Shelf02_C","Rare","https://cdn.nw-buddy.de/nw-data/live/lyshineui/images/icons/items/housingitem/house_housingitem_dynasty_shelf02_c.webp"
"Jade Pedestal Shelf","House_HousingItem_Dynasty_Shelf02_D","Epic","https://cdn.nw-buddy.de/nw-data/live/lyshineui/images/icons/items/housingitem/house_housingitem_dynasty_shelf02_d.webp"
"Dynastic Stove","House_HousingItem_Dynasty_Stove01_A","Rare","https://cdn.nw-buddy.de/nw-data/live/lyshineui/images/icons/items/housingitem/house_housingitem_dynasty_stove01_a.webp"
"Four-tasseled Hanging Lantern","House_HousingItem_Lighting_Dynasty_LightCeiling01_A","Rare","https://cdn.nw-buddy.de/nw-data/live/lyshineui/images/icons/items/housingitem/house_housingitem_lighting_dynasty_lightceiling01_a.webp"
"Eight-tasseled Hanging Lantern","House_HousingItem_Lighting_Dynasty_LightCeiling01_B","Epic","https://cdn.nw-buddy.de/nw-data/live/lyshineui/images/icons/items/housingitem/house_housingitem_lighting_dynasty_lightceiling01_b.webp"
"Temple Hanging Lantern","House_HousingItem_Lighting_Dynasty_LightCeiling01_C","Uncommon","https://cdn.nw-buddy.de/nw-data/live/lyshineui/images/icons/items/housingitem/house_housingitem_lighting_dynasty_lightceiling01_c.webp"
"Festival Hanging Lantern","House_HousingItem_Lighting_Dynasty_LightCeiling01_D","Rare","https://cdn.nw-buddy.de/nw-data/live/lyshineui/images/icons/items/housingitem/house_housingitem_lighting_dynasty_lightceiling01_d.webp"
"Cutout Standing Lantern","House_HousingItem_Lighting_Dynasty_LightTable01_A","Uncommon","https://cdn.nw-buddy.de/nw-data/live/lyshineui/images/icons/items/housingitem/house_housingitem_lighting_dynasty_lighttable01_a.webp"
"Round Standing Lantern","House_HousingItem_Lighting_Dynasty_LightTable01_B","Rare","https://cdn.nw-buddy.de/nw-data/live/lyshineui/images/icons/items/housingitem/house_housingitem_lighting_dynasty_lighttable01_b.webp"
"Temple Standing Lantern","House_HousingItem_Lighting_Dynasty_LightTable01_C","Uncommon","https://cdn.nw-buddy.de/nw-data/live/lyshineui/images/icons/items/housingitem/house_housingitem_lighting_dynasty_lighttable01_c.webp"
"Chrysanthemum Standing Lantern","House_HousingItem_Lighting_Dynasty_LightTable01_D","Epic","https://cdn.nw-buddy.de/nw-data/live/lyshineui/images/icons/items/housingitem/house_housingitem_lighting_dynasty_lighttable01_d.webp"
"Festival Wall-mounted Lantern","House_HousingItem_Lighting_Dynasty_LightWall01_A","Rare","https://cdn.nw-buddy.de/nw-data/live/lyshineui/images/icons/items/housingitem/house_housingitem_lighting_dynasty_lightwall01_a.webp"
"Iron-bound Wall-mounted Lantern","House_HousingItem_Lighting_Dynasty_LightWall01_B","Uncommon","https://cdn.nw-buddy.de/nw-data/live/lyshineui/images/icons/items/housingitem/house_housingitem_lighting_dynasty_lightwall01_b.webp"
"Simple Wall-mounted Lantern","House_HousingItem_Lighting_Dynasty_LightWall01_C","Epic","https://cdn.nw-buddy.de/nw-data/live/lyshineui/images/icons/items/housingitem/house_housingitem_lighting_dynasty_lightwall01_c.webp"
"Temple Wall-mounted Lantern","House_HousingItem_Lighting_Dynasty_LightWall01_D","Rare","https://cdn.nw-buddy.de/nw-data/live/lyshineui/images/icons/items/housingitem/house_housingitem_lighting_dynasty_lightwall01_d.webp"
"Goldenrod Geometric Rug","House_HousingItem_Rug_Dynasty_Decor_Floor_Rug01","Rare","https://cdn.nw-buddy.de/nw-data/live/lyshineui/images/icons/items/housingitem/house_housingitem_rug_dynasty_decor_floor_rug01.webp"
"Ruby Geometric Rug","House_HousingItem_Rug_Dynasty_Decor_Floor_Rug02","Rare","https://cdn.nw-buddy.de/nw-data/live/lyshineui/images/icons/items/housingitem/house_housingitem_rug_dynasty_decor_floor_rug02.webp"
"Turquoise Geometric Rug","House_HousingItem_Rug_Dynasty_Decor_Floor_Rug03","Epic","https://cdn.nw-buddy.de/nw-data/live/lyshineui/images/icons/items/housingitem/house_housingitem_rug_dynasty_decor_floor_rug03.webp"
"White Gold Geometric Rug","House_HousingItem_Rug_Dynasty_Decor_Floor_Rug04","Epic","https://cdn.nw-buddy.de/nw-data/live/lyshineui/images/icons/items/housingitem/house_housingitem_rug_dynasty_decor_floor_rug04.webp"
"Goldenrod Woven Floor Mat","House_HousingItem_Rug_Dynasty_Decor_Floor_Rug05","Uncommon","https://cdn.nw-buddy.de/nw-data/live/lyshineui/images/icons/items/housingitem/house_housingitem_rug_dynasty_decor_floor_rug05.webp"
"Ruby Woven Floor Mat","House_HousingItem_Rug_Dynasty_Decor_Floor_Rug06","Rare","https://cdn.nw-buddy.de/nw-data/live/lyshineui/images/icons/items/housingitem/house_housingitem_rug_dynasty_decor_floor_rug06.webp"
"Turquoise Woven Floor Mat","House_HousingItem_Rug_Dynasty_Decor_Floor_Rug07","Rare","https://cdn.nw-buddy.de/nw-data/live/lyshineui/images/icons/items/housingitem/house_housingitem_rug_dynasty_decor_floor_rug07.webp"
"White Gold Woven Floor Mat","House_HousingItem_Rug_Dynasty_Decor_Floor_Rug08","Epic","https://cdn.nw-buddy.de/nw-data/live/lyshineui/images/icons/items/housingitem/house_housingitem_rug_dynasty_decor_floor_rug08.webp"
"Dynasty Storage Chest","House_HousingItem_Storage_T3_Dynasty","Rare","https://cdn.nw-buddy.de/nw-data/live/lyshineui/images/icons/items/housingitem/house_housingitem_storage_t3_dynasty.webp"
"Teak End Table","House_HousingItem_Table_Dynasty_BedSideTable_A","Uncommon","https://cdn.nw-buddy.de/nw-data/live/lyshineui/images/icons/items/housingitem/house_housingitem_table_dynasty_bedsidetable_a.webp"
"Ebony End Table","House_HousingItem_Table_Dynasty_BedSideTable_B","Rare","https://cdn.nw-buddy.de/nw-data/live/lyshineui/images/icons/items/housingitem/house_housingitem_table_dynasty_bedsidetable_b.webp"
"Rosewood End Table","House_HousingItem_Table_Dynasty_BedSideTable_C","Rare","https://cdn.nw-buddy.de/nw-data/live/lyshineui/images/icons/items/housingitem/house_housingitem_table_dynasty_bedsidetable_c.webp"
"Jade End Table","House_HousingItem_Table_Dynasty_BedSideTable_D","Epic","https://cdn.nw-buddy.de/nw-data/live/lyshineui/images/icons/items/housingitem/house_housingitem_table_dynasty_bedsidetable_d.webp"
"Teak Writing Desk","House_HousingItem_Table_Dynasty_Desk01_A","Uncommon","https://cdn.nw-buddy.de/nw-data/live/lyshineui/images/icons/items/housingitem/house_housingitem_table_dynasty_desk01_a.webp"
"Ebony Writing Desk","House_HousingItem_Table_Dynasty_Desk01_B","Rare","https://cdn.nw-buddy.de/nw-data/live/lyshineui/images/icons/items/housingitem/house_housingitem_table_dynasty_desk01_b.webp"
"Rosewood Writing Desk","House_HousingItem_Table_Dynasty_Desk01_C","Rare","https://cdn.nw-buddy.de/nw-data/live/lyshineui/images/icons/items/housingitem/house_housingitem_table_dynasty_desk01_c.webp"
"Jade Writing Desk","House_HousingItem_Table_Dynasty_Desk01_D","Epic","https://cdn.nw-buddy.de/nw-data/live/lyshineui/images/icons/items/housingitem/house_housingitem_table_dynasty_desk01_d.webp"
"Teak Dining Table","House_HousingItem_Table_Dynasty_Table01_A","Uncommon","https://cdn.nw-buddy.de/nw-data/live/lyshineui/images/icons/items/housingitem/house_housingitem_table_dynasty_table01_a.webp"
"Ebony Dining Table","House_HousingItem_Table_Dynasty_Table01_B","Rare","https://cdn.nw-buddy.de/nw-data/live/lyshineui/images/icons/items/housingitem/house_housingitem_table_dynasty_table01_b.webp"
"Rosewood Dining Table","House_HousingItem_Table_Dynasty_Table01_C","Rare","https://cdn.nw-buddy.de/nw-data/live/lyshineui/images/icons/items/housingitem/house_housingitem_table_dynasty_table01_c.webp"
"Jade Dining Table","House_HousingItem_Table_Dynasty_Table01_D","Epic","https://cdn.nw-buddy.de/nw-data/live/lyshineui/images/icons/items/housingitem/house_housingitem_table_dynasty_table01_d.webp"
"Graceful Teak Table","House_HousingItem_Table_Dynasty_Table02_A","Uncommon","https://cdn.nw-buddy.de/nw-data/live/lyshineui/images/icons/items/housingitem/house_housingitem_table_dynasty_table02_a.webp"
"Graceful Ebony Table","House_HousingItem_Table_Dynasty_Table02_B","Rare","https://cdn.nw-buddy.de/nw-data/live/lyshineui/images/icons/items/housingitem/house_housingitem_table_dynasty_table02_b.webp"
"Graceful Rosewood Table","House_HousingItem_Table_Dynasty_Table02_C","Rare","https://cdn.nw-buddy.de/nw-data/live/lyshineui/images/icons/items/housingitem/house_housingitem_table_dynasty_table02_c.webp"
"Graceful Jade Table","House_HousingItem_Table_Dynasty_Table02_D","Epic","https://cdn.nw-buddy.de/nw-data/live/lyshineui/images/icons/items/housingitem/house_housingitem_table_dynasty_table02_d.webp"
"Yellow Brass Lounge Bed","House_HousingItem_Bed_Legion_Bed01_A","Rare","https://cdn.nw-buddy.de/nw-data/live/lyshineui/images/icons/items/housingitem/house_housingitem_bed_legion_bed01_a.webp"
"Burnt Copper Lounge Bed","House_HousingItem_Bed_Legion_Bed01_B","Epic","https://cdn.nw-buddy.de/nw-data/live/lyshineui/images/icons/items/housingitem/house_housingitem_bed_legion_bed01_b.webp"
"Deep Silver Lounge Bed","House_HousingItem_Bed_Legion_Bed01_C","Rare","https://cdn.nw-buddy.de/nw-data/live/lyshineui/images/icons/items/housingitem/house_housingitem_bed_legion_bed01_c.webp"
"Light Pewter Lounge Bed","House_HousingItem_Bed_Legion_Bed01_D","Uncommon","https://cdn.nw-buddy.de/nw-data/live/lyshineui/images/icons/items/housingitem/house_housingitem_bed_legion_bed01_d.webp"
"Centurion High Bed","House_HousingItem_Bed_Legion_Bed02_A","Rare","https://cdn.nw-buddy.de/nw-data/live/lyshineui/images/icons/items/housingitem/house_housingitem_bed_legion_bed02_a.webp"
"Mediterranean High Bed","House_HousingItem_Bed_Legion_Bed02_B","Epic","https://cdn.nw-buddy.de/nw-data/live/lyshineui/images/icons/items/housingitem/house_housingitem_bed_legion_bed02_b.webp"
"Influential High Bed","House_HousingItem_Bed_Legion_Bed02_C","Rare","https://cdn.nw-buddy.de/nw-data/live/lyshineui/images/icons/items/housingitem/house_housingitem_bed_legion_bed02_c.webp"
"Verdant High Bed","House_HousingItem_Bed_Legion_Bed02_D","Uncommon","https://cdn.nw-buddy.de/nw-data/live/lyshineui/images/icons/items/housingitem/house_housingitem_bed_legion_bed02_d.webp"
"Cypress Wood Armchair","House_HousingItem_Chair_Legion_Chair01_A","Rare","https://cdn.nw-buddy.de/nw-data/live/lyshineui/images/icons/items/housingitem/house_housingitem_chair_legion_chair01_a.webp"
"White Oak Wood Armchair","House_HousingItem_Chair_Legion_Chair01_B","Epic","https://cdn.nw-buddy.de/nw-data/live/lyshineui/images/icons/items/housingitem/house_housingitem_chair_legion_chair01_b.webp"
"Walnut Wood Armchair","House_HousingItem_Chair_Legion_Chair01_C","Rare","https://cdn.nw-buddy.de/nw-data/live/lyshineui/images/icons/items/housingitem/house_housingitem_chair_legion_chair01_c.webp"
"Olive Wood Armchair","House_HousingItem_Chair_Legion_Chair01_D","Uncommon","https://cdn.nw-buddy.de/nw-data/live/lyshineui/images/icons/items/housingitem/house_housingitem_chair_legion_chair01_d.webp"
"Centurion Dining Chair","House_HousingItem_Chair_Legion_Chair02_A","Rare","https://cdn.nw-buddy.de/nw-data/live/lyshineui/images/icons/items/housingitem/house_housingitem_chair_legion_chair02_a.webp"
"Mediterranean Dining Chair","House_HousingItem_Chair_Legion_Chair02_B","Epic","https://cdn.nw-buddy.de/nw-data/live/lyshineui/images/icons/items/housingitem/house_housingitem_chair_legion_chair02_b.webp"
"Influential Dining Chair","House_HousingItem_Chair_Legion_Chair02_C","Rare","https://cdn.nw-buddy.de/nw-data/live/lyshineui/images/icons/items/housingitem/house_housingitem_chair_legion_chair02_c.webp"
"Verdant Dining Chair","House_HousingItem_Chair_Legion_Chair02_D","Uncommon","https://cdn.nw-buddy.de/nw-data/live/lyshineui/images/icons/items/housingitem/house_housingitem_chair_legion_chair02_d.webp"
"Centurion Curule Seat","House_HousingItem_Chair_Legion_Stool_A","Rare","https://cdn.nw-buddy.de/nw-data/live/lyshineui/images/icons/items/housingitem/house_housingitem_chair_legion_stool_a.webp"
"Mediterranean Curule Seat","House_HousingItem_Chair_Legion_Stool_B","Epic","https://cdn.nw-buddy.de/nw-data/live/lyshineui/images/icons/items/housingitem/house_housingitem_chair_legion_stool_b.webp"
"Influential Curule Seat","House_HousingItem_Chair_Legion_Stool_C","Rare","https://cdn.nw-buddy.de/nw-data/live/lyshineui/images/icons/items/housingitem/house_housingitem_chair_legion_stool_c.webp"
"Verdant Curule Seat","House_HousingItem_Chair_Legion_Stool_D","Uncommon","https://cdn.nw-buddy.de/nw-data/live/lyshineui/images/icons/items/housingitem/house_housingitem_chair_legion_stool_d.webp"
"Cypress Wood Armoire","House_HousingItem_Legion_Armoire01_A","Rare","https://cdn.nw-buddy.de/nw-data/live/lyshineui/images/icons/items/housingitem/house_housingitem_legion_armoire01_a.webp"
"White Oak Wood Armoire","House_HousingItem_Legion_Armoire01_B","Epic","https://cdn.nw-buddy.de/nw-data/live/lyshineui/images/icons/items/housingitem/house_housingitem_legion_armoire01_b.webp"
"Walnut Wood Armoire","House_HousingItem_Legion_Armoire01_C","Rare","https://cdn.nw-buddy.de/nw-data/live/lyshineui/images/icons/items/housingitem/house_housingitem_legion_armoire01_c.webp"
"Olive Wood Armoire","House_HousingItem_Legion_Armoire01_D","Uncommon","https://cdn.nw-buddy.de/nw-data/live/lyshineui/images/icons/items/housingitem/house_housingitem_legion_armoire01_d.webp"
"Cypress Large Bookcase","House_HousingItem_Legion_Bookcase01_A","Rare","https://cdn.nw-buddy.de/nw-data/live/lyshineui/images/icons/items/housingitem/house_housingitem_legion_bookcase01_a.webp"
"White Oak Large Bookcase","House_HousingItem_Legion_Bookcase01_B","Epic","https://cdn.nw-buddy.de/nw-data/live/lyshineui/images/icons/items/housingitem/house_housingitem_legion_bookcase01_b.webp"
"Walnut Large Bookcase","House_HousingItem_Legion_Bookcase01_C","Rare","https://cdn.nw-buddy.de/nw-data/live/lyshineui/images/icons/items/housingitem/house_housingitem_legion_bookcase01_c.webp"
"Olive Large Bookcase","House_HousingItem_Legion_Bookcase01_D","Uncommon","https://cdn.nw-buddy.de/nw-data/live/lyshineui/images/icons/items/housingitem/house_housingitem_legion_bookcase01_d.webp"
"Cypress Small Bookcase","House_HousingItem_Legion_Bookcase02_A","Rare","https://cdn.nw-buddy.de/nw-data/live/lyshineui/images/icons/items/housingitem/house_housingitem_legion_bookcase02_a.webp"
"White Oak Small Bookcase","House_HousingItem_Legion_Bookcase02_B","Epic","https://cdn.nw-buddy.de/nw-data/live/lyshineui/images/icons/items/housingitem/house_housingitem_legion_bookcase02_b.webp"
"Walnut Small Bookcase","House_HousingItem_Legion_Bookcase02_C","Rare","https://cdn.nw-buddy.de/nw-data/live/lyshineui/images/icons/items/housingitem/house_housingitem_legion_bookcase02_c.webp"
"Olive Small Bookcase","House_HousingItem_Legion_Bookcase02_D","Uncommon","https://cdn.nw-buddy.de/nw-data/live/lyshineui/images/icons/items/housingitem/house_housingitem_legion_bookcase02_d.webp"
"Cypress Family Shrine","House_HousingItem_Legion_Cabinet01_A","Rare","https://cdn.nw-buddy.de/nw-data/live/lyshineui/images/icons/items/housingitem/house_housingitem_legion_cabinet01_a.webp"
"White Oak Family Shrine","House_HousingItem_Legion_Cabinet01_B","Epic","https://cdn.nw-buddy.de/nw-data/live/lyshineui/images/icons/items/housingitem/house_housingitem_legion_cabinet01_b.webp"
"Walnut Family Shrine","House_HousingItem_Legion_Cabinet01_C","Rare","https://cdn.nw-buddy.de/nw-data/live/lyshineui/images/icons/items/housingitem/house_housingitem_legion_cabinet01_c.webp"
"Olive Family Shrine","House_HousingItem_Legion_Cabinet01_D","Uncommon","https://cdn.nw-buddy.de/nw-data/live/lyshineui/images/icons/items/housingitem/house_housingitem_legion_cabinet01_d.webp"
"Cypress Chest of Drawers","House_HousingItem_Legion_Cabinet02_A","Rare","https://cdn.nw-buddy.de/nw-data/live/lyshineui/images/icons/items/housingitem/house_housingitem_legion_cabinet02_a.webp"
"White Oak Chest of Drawers","House_HousingItem_Legion_Cabinet02_B","Epic","https://cdn.nw-buddy.de/nw-data/live/lyshineui/images/icons/items/housingitem/house_housingitem_legion_cabinet02_b.webp"
"Walnut Chest of Drawers","House_HousingItem_Legion_Cabinet02_C","Rare","https://cdn.nw-buddy.de/nw-data/live/lyshineui/images/icons/items/housingitem/house_housingitem_legion_cabinet02_c.webp"
"Olive Chest of Drawers","House_HousingItem_Legion_Cabinet02_D","Uncommon","https://cdn.nw-buddy.de/nw-data/live/lyshineui/images/icons/items/housingitem/house_housingitem_legion_cabinet02_d.webp"
"Bronze Strobilus Charm","House_HousingItem_Legion_Decor_Acorn01_A","Uncommon","https://cdn.nw-buddy.de/nw-data/live/lyshineui/images/icons/items/housingitem/house_housingitem_legion_decor_acorn01_a.webp"
"Large Stone Brazier","House_HousingItem_Legion_Decor_Brazier01_A","Epic","https://cdn.nw-buddy.de/nw-data/live/lyshineui/images/icons/items/housingitem/house_housingitem_legion_decor_brazier01_a.webp"
"Hanging Barrel Cactus","House_HousingItem_Legion_Decor_CeilingPlanter01_B","Rare","https://cdn.nw-buddy.de/nw-data/live/lyshineui/images/icons/items/housingitem/house_housingitem_legion_decor_ceilingplanter01_b.webp"
"Hanging Opuntia Cactus","House_HousingItem_Legion_Decor_CeilingPlanter01_D","Uncommon","https://cdn.nw-buddy.de/nw-data/live/lyshineui/images/icons/items/housingitem/house_housingitem_legion_decor_ceilingplanter01_d.webp"
"Doric Style Display Column","House_HousingItem_Legion_Decor_Column01_A","Rare","https://cdn.nw-buddy.de/nw-data/live/lyshineui/images/icons/items/housingitem/house_housingitem_legion_decor_column01_a.webp"
"Tuscan Style Display Column","House_HousingItem_Legion_Decor_Column01_B","Common","https://cdn.nw-buddy.de/nw-data/live/lyshineui/images/icons/items/housingitem/house_housingitem_legion_decor_column01_b.webp"
"Ionic Style Display Column","House_HousingItem_Legion_Decor_Column01_C","Uncommon","https://cdn.nw-buddy.de/nw-data/live/lyshineui/images/icons/items/housingitem/house_housingitem_legion_decor_column01_c.webp"
"Administrative Desk Scrolls","House_HousingItem_Legion_Decor_DeskScrolls01","Uncommon","https://cdn.nw-buddy.de/nw-data/live/lyshineui/images/icons/items/housingitem/house_housingitem_legion_decor_deskscrolls01.webp"
"Stone Display Platform","House_HousingItem_Legion_Decor_DisplayBox01_A","Common","https://cdn.nw-buddy.de/nw-data/live/lyshineui/images/icons/items/housingitem/house_housingitem_legion_decor_displaybox01_a.webp"
"Lattice Screen Divider","House_HousingItem_Legion_Decor_Divider01_A","Common","https://cdn.nw-buddy.de/nw-data/live/lyshineui/images/icons/items/housingitem/house_housingitem_legion_decor_divider01_a.webp"
"Potted Candelabra Cactus","House_HousingItem_Legion_Decor_FloorBin01_A","Common","https://cdn.nw-buddy.de/nw-data/live/lyshineui/images/icons/items/housingitem/house_housingitem_legion_decor_floorbin01_a.webp"
"Blooming Agave Plant","House_HousingItem_Legion_Decor_FloorBin01_B","Uncommon","https://cdn.nw-buddy.de/nw-data/live/lyshineui/images/icons/items/housingitem/house_housingitem_legion_decor_floorbin01_b.webp"
"Potted Mulberry Plant","House_HousingItem_Legion_Decor_FloorPlanter01_A","Uncommon","https://cdn.nw-buddy.de/nw-data/live/lyshineui/images/icons/items/housingitem/house_housingitem_legion_decor_floorplanter01_a.webp"
"Potted Opuntia Cactus","House_HousingItem_Legion_Decor_FloorPlanter01_C","Common","https://cdn.nw-buddy.de/nw-data/live/lyshineui/images/icons/items/housingitem/house_housingitem_legion_decor_floorplanter01_c.webp"
"Potted Triangle Cactus","House_HousingItem_Legion_Decor_FloorPlanter02_A","Common","https://cdn.nw-buddy.de/nw-data/live/lyshineui/images/icons/items/housingitem/house_housingitem_legion_decor_floorplanter02_a.webp"
"Potted Saguaro Cactus","House_HousingItem_Legion_Decor_FloorPlanter02_B","Uncommon","https://cdn.nw-buddy.de/nw-data/live/lyshineui/images/icons/items/housingitem/house_housingitem_legion_decor_floorplanter02_b.webp"
"Clean Serving Dishes","House_HousingItem_Legion_Decor_KitchenDishes01","Common","https://cdn.nw-buddy.de/nw-data/live/lyshineui/images/icons/items/housingitem/house_housingitem_legion_decor_kitchendishes01.webp"
"Meal Prep Dishes","House_HousingItem_Legion_Decor_KitchenDishes02","Common","https://cdn.nw-buddy.de/nw-data/live/lyshineui/images/icons/items/housingitem/house_housingitem_legion_decor_kitchendishes02.webp"
"Used Serving Dishes","House_HousingItem_Legion_Decor_KitchenDishes03","Common","https://cdn.nw-buddy.de/nw-data/live/lyshineui/images/icons/items/housingitem/house_housingitem_legion_decor_kitchendishes03.webp"
"""Ceres - Goddess of Grain"" Wall Fresco","House_HousingItem_Legion_Decor_Painting01","Rare","https://cdn.nw-buddy.de/nw-data/live/lyshineui/images/icons/items/housingitem/house_housingitem_legion_decor_painting01.webp"
"""Mirroring Patterns"" Wall Fresco","House_HousingItem_Legion_Decor_Painting02","Epic","https://cdn.nw-buddy.de/nw-data/live/lyshineui/images/icons/items/housingitem/house_housingitem_legion_decor_painting02.webp"
"""The Current of Time"" Wall Fresco","House_HousingItem_Legion_Decor_Painting03","Rare","https://cdn.nw-buddy.de/nw-data/live/lyshineui/images/icons/items/housingitem/house_housingitem_legion_decor_painting03.webp"
"""The Duet"" Wall Fresco","House_HousingItem_Legion_Decor_Painting04","Uncommon","https://cdn.nw-buddy.de/nw-data/live/lyshineui/images/icons/items/housingitem/house_housingitem_legion_decor_painting04.webp"
"Centurion Place Setting","House_HousingItem_Legion_Decor_Placesetting01","Rare","https://cdn.nw-buddy.de/nw-data/live/lyshineui/images/icons/items/housingitem/house_housingitem_legion_decor_placesetting01.webp"
"Mediterranean Place Setting","House_HousingItem_Legion_Decor_Placesetting02","Epic","https://cdn.nw-buddy.de/nw-data/live/lyshineui/images/icons/items/housingitem/house_housingitem_legion_decor_placesetting02.webp"
"Influential Place Setting","House_HousingItem_Legion_Decor_Placesetting03","Rare","https://cdn.nw-buddy.de/nw-data/live/lyshineui/images/icons/items/housingitem/house_housingitem_legion_decor_placesetting03.webp"
"Verdant Place Setting","House_HousingItem_Legion_Decor_Placesetting04","Uncommon","https://cdn.nw-buddy.de/nw-data/live/lyshineui/images/icons/items/housingitem/house_housingitem_legion_decor_placesetting04.webp"
"Ancient Pottery Wheel","House_HousingItem_Legion_Decor_PotteryWheel","Common","https://cdn.nw-buddy.de/nw-data/live/lyshineui/images/icons/items/housingitem/house_housingitem_legion_decor_potterywheel.webp"
"Carved Statue of Minerva","House_HousingItem_Legion_Decor_StatueGoddess01_A","Rare","https://cdn.nw-buddy.de/nw-data/live/lyshineui/images/icons/items/housingitem/house_housingitem_legion_decor_statuegoddess01_a.webp"
"Carved Statue of Caesar","House_HousingItem_Legion_Decor_StatueMan01_A","Rare","https://cdn.nw-buddy.de/nw-data/live/lyshineui/images/icons/items/housingitem/house_housingitem_legion_decor_statueman01_a.webp"
"Carved Statue of Vesta","House_HousingItem_Legion_Decor_StatueWoman01_A","Rare","https://cdn.nw-buddy.de/nw-data/live/lyshineui/images/icons/items/housingitem/house_housingitem_legion_decor_statuewoman01_a.webp"
"Vase of Desert Senna Flowers","House_HousingItem_Legion_Decor_TablePottery01_A","Common","https://cdn.nw-buddy.de/nw-data/live/lyshineui/images/icons/items/housingitem/house_housingitem_legion_decor_tablepottery01_a.webp"
"Vase of Ocotillo Flowers","House_HousingItem_Legion_Decor_TablePottery01_B","Uncommon","https://cdn.nw-buddy.de/nw-data/live/lyshineui/images/icons/items/housingitem/house_housingitem_legion_decor_tablepottery01_b.webp"
"Carved Statue of Jupiter","House_HousingItem_Legion_Decor_ThroneGod01_A","Epic","https://cdn.nw-buddy.de/nw-data/live/lyshineui/images/icons/items/housingitem/house_housingitem_legion_decor_thronegod01_a.webp"
"Legion Towel Rack","House_HousingItem_Legion_Decor_TowelRack_A","Common","https://cdn.nw-buddy.de/nw-data/live/lyshineui/images/icons/items/housingitem/house_housingitem_legion_decor_towelrack_a.webp"
"Centurion Valance","House_HousingItem_Legion_Decor_Wall_Curtain01_A","Rare","https://cdn.nw-buddy.de/nw-data/live/lyshineui/images/icons/items/housingitem/house_housingitem_legion_decor_wall_curtain01_a.webp"
"Mediterranean Valance","House_HousingItem_Legion_Decor_Wall_Curtain01_B","Epic","https://cdn.nw-buddy.de/nw-data/live/lyshineui/images/icons/items/housingitem/house_housingitem_legion_decor_wall_curtain01_b.webp"
"Influential Valance","House_HousingItem_Legion_Decor_Wall_Curtain01_C","Rare","https://cdn.nw-buddy.de/nw-data/live/lyshineui/images/icons/items/housingitem/house_housingitem_legion_decor_wall_curtain01_c.webp"
"Verdant Valance","House_HousingItem_Legion_Decor_Wall_Curtain01_D","Uncommon","https://cdn.nw-buddy.de/nw-data/live/lyshineui/images/icons/items/housingitem/house_housingitem_legion_decor_wall_curtain01_d.webp"
"Centurion Tapestry","House_HousingItem_Legion_Decor_Wall_Curtain02_A","Rare","https://cdn.nw-buddy.de/nw-data/live/lyshineui/images/icons/items/housingitem/house_housingitem_legion_decor_wall_curtain02_a.webp"
"Mediterranean Tapestry","House_HousingItem_Legion_Decor_Wall_Curtain02_B","Epic","https://cdn.nw-buddy.de/nw-data/live/lyshineui/images/icons/items/housingitem/house_housingitem_legion_decor_wall_curtain02_b.webp"
"Influential Tapestry","House_HousingItem_Legion_Decor_Wall_Curtain02_C","Rare","https://cdn.nw-buddy.de/nw-data/live/lyshineui/images/icons/items/housingitem/house_housingitem_legion_decor_wall_curtain02_c.webp"
"Verdant Tapestry","House_HousingItem_Legion_Decor_Wall_Curtain02_D","Uncommon","https://cdn.nw-buddy.de/nw-data/live/lyshineui/images/icons/items/housingitem/house_housingitem_legion_decor_wall_curtain02_d.webp"
"Centurion Curtains","House_HousingItem_Legion_Decor_Wall_Curtain03_A","Rare","https://cdn.nw-buddy.de/nw-data/live/lyshineui/images/icons/items/housingitem/house_housingitem_legion_decor_wall_curtain03_a.webp"
"Mediterranean Curtains","House_HousingItem_Legion_Decor_Wall_Curtain03_B","Epic","https://cdn.nw-buddy.de/nw-data/live/lyshineui/images/icons/items/housingitem/house_housingitem_legion_decor_wall_curtain03_b.webp"
"Influential Curtains","House_HousingItem_Legion_Decor_Wall_Curtain03_C","Rare","https://cdn.nw-buddy.de/nw-data/live/lyshineui/images/icons/items/housingitem/house_housingitem_legion_decor_wall_curtain03_c.webp"
"Verdant Curtains","House_HousingItem_Legion_Decor_Wall_Curtain03_D","Uncommon","https://cdn.nw-buddy.de/nw-data/live/lyshineui/images/icons/items/housingitem/house_housingitem_legion_decor_wall_curtain03_d.webp"
"""Glory to Sol"" Inset Emblem","House_HousingItem_Legion_Decor_Wall_Inset01_A","Common","https://cdn.nw-buddy.de/nw-data/live/lyshineui/images/icons/items/housingitem/house_housingitem_legion_decor_wall_inset01_a.webp"
"West Flowing Solis Currents","House_HousingItem_Legion_Decor_WallWaves01","Rare","https://cdn.nw-buddy.de/nw-data/live/lyshineui/images/icons/items/housingitem/house_housingitem_legion_decor_wallwaves01.webp"
"East Flowing Solis Currents","House_HousingItem_Legion_Decor_WallWaves02","Rare","https://cdn.nw-buddy.de/nw-data/live/lyshineui/images/icons/items/housingitem/house_housingitem_legion_decor_wallwaves02.webp"
"West Flowing Selene Currents","House_HousingItem_Legion_Decor_WallWaves03","Uncommon","https://cdn.nw-buddy.de/nw-data/live/lyshineui/images/icons/items/housingitem/house_housingitem_legion_decor_wallwaves03.webp"
"East Flowing Selene Currents","House_HousingItem_Legion_Decor_WallWaves04","Uncommon","https://cdn.nw-buddy.de/nw-data/live/lyshineui/images/icons/items/housingitem/house_housingitem_legion_decor_wallwaves04.webp"
"Rojo-Levantina Marble Top Dresser","House_HousingItem_Legion_Dresser01_A","Rare","https://cdn.nw-buddy.de/nw-data/live/lyshineui/images/icons/items/housingitem/house_housingitem_legion_dresser01_a.webp"
"Lazulite Marble Top Dresser","House_HousingItem_Legion_Dresser01_B","Epic","https://cdn.nw-buddy.de/nw-data/live/lyshineui/images/icons/items/housingitem/house_housingitem_legion_dresser01_b.webp"
"Amethyst Marble Top Dresser","House_HousingItem_Legion_Dresser01_C","Rare","https://cdn.nw-buddy.de/nw-data/live/lyshineui/images/icons/items/housingitem/house_housingitem_legion_dresser01_c.webp"
"Serpentine Marble Top Dresser","House_HousingItem_Legion_Dresser01_D","Uncommon","https://cdn.nw-buddy.de/nw-data/live/lyshineui/images/icons/items/housingitem/house_housingitem_legion_dresser01_d.webp"
"Cypress Wooden Wall Shelf","House_HousingItem_Legion_Shelf01_A","Rare","https://cdn.nw-buddy.de/nw-data/live/lyshineui/images/icons/items/housingitem/house_housingitem_legion_shelf01_a.webp"
"White Oak Wooden Wall Shelf","House_HousingItem_Legion_Shelf01_B","Epic","https://cdn.nw-buddy.de/nw-data/live/lyshineui/images/icons/items/housingitem/house_housingitem_legion_shelf01_b.webp"
"Walnut Wooden Wall Shelf","House_HousingItem_Legion_Shelf01_C","Rare","https://cdn.nw-buddy.de/nw-data/live/lyshineui/images/icons/items/housingitem/house_housingitem_legion_shelf01_c.webp"
"Olive Wooden Wall Shelf","House_HousingItem_Legion_Shelf01_D","Uncommon","https://cdn.nw-buddy.de/nw-data/live/lyshineui/images/icons/items/housingitem/house_housingitem_legion_shelf01_d.webp"
"Centurion Concrete Stove","House_HousingItem_Legion_Stove01_A","Rare","https://cdn.nw-buddy.de/nw-data/live/lyshineui/images/icons/items/housingitem/house_housingitem_legion_stove01_a.webp"
"Mediterranean Concrete Stove","House_HousingItem_Legion_Stove01_B","Epic","https://cdn.nw-buddy.de/nw-data/live/lyshineui/images/icons/items/housingitem/house_housingitem_legion_stove01_b.webp"
"Influential Concrete Stove","House_HousingItem_Legion_Stove01_C","Rare","https://cdn.nw-buddy.de/nw-data/live/lyshineui/images/icons/items/housingitem/house_housingitem_legion_stove01_c.webp"
"Verdant Concrete Stove","House_HousingItem_Legion_Stove01_D","Uncommon","https://cdn.nw-buddy.de/nw-data/live/lyshineui/images/icons/items/housingitem/house_housingitem_legion_stove01_d.webp"
"Yellow Brass Hanging Oil Lamp","House_HousingItem_Lighting_Legion_LightCeiling01_A","Rare","https://cdn.nw-buddy.de/nw-data/live/lyshineui/images/icons/items/housingitem/house_housingitem_lighting_legion_lightceiling01_a.webp"
"Burnt Copper Hanging Oil Lamp","House_HousingItem_Lighting_Legion_LightCeiling01_B","Epic","https://cdn.nw-buddy.de/nw-data/live/lyshineui/images/icons/items/housingitem/house_housingitem_lighting_legion_lightceiling01_b.webp"
"Deep Silver Hanging Oil Lamp","House_HousingItem_Lighting_Legion_LightCeiling01_C","Rare","https://cdn.nw-buddy.de/nw-data/live/lyshineui/images/icons/items/housingitem/house_housingitem_lighting_legion_lightceiling01_c.webp"
"Light Pewter Hanging Oil Lamp","House_HousingItem_Lighting_Legion_LightCeiling01_D","Uncommon","https://cdn.nw-buddy.de/nw-data/live/lyshineui/images/icons/items/housingitem/house_housingitem_lighting_legion_lightceiling01_d.webp"
"Yellow Brass Tall Oil Lamp","House_HousingItem_Lighting_Legion_LightFloor01_A","Rare","https://cdn.nw-buddy.de/nw-data/live/lyshineui/images/icons/items/housingitem/house_housingitem_lighting_legion_lightfloor01_a.webp"
"Burnt Copper Tall Oil Lamp","House_HousingItem_Lighting_Legion_LightFloor01_B","Epic","https://cdn.nw-buddy.de/nw-data/live/lyshineui/images/icons/items/housingitem/house_housingitem_lighting_legion_lightfloor01_b.webp"
"Deep Silver Tall Oil Lamp","House_HousingItem_Lighting_Legion_LightFloor01_C","Rare","https://cdn.nw-buddy.de/nw-data/live/lyshineui/images/icons/items/housingitem/house_housingitem_lighting_legion_lightfloor01_c.webp"
"Light Pewter Tall Oil Lamp","House_HousingItem_Lighting_Legion_LightFloor01_D","Uncommon","https://cdn.nw-buddy.de/nw-data/live/lyshineui/images/icons/items/housingitem/house_housingitem_lighting_legion_lightfloor01_d.webp"
"Yellow Brass Short Oil Lamp","House_HousingItem_Lighting_Legion_LightTable01_A","Rare","https://cdn.nw-buddy.de/nw-data/live/lyshineui/images/icons/items/housingitem/house_housingitem_lighting_legion_lighttable01_a.webp"
"Burnt Copper Short Oil Lamp","House_HousingItem_Lighting_Legion_LightTable01_B","Epic","https://cdn.nw-buddy.de/nw-data/live/lyshineui/images/icons/items/housingitem/house_housingitem_lighting_legion_lighttable01_b.webp"
"Deep Silver Short Oil Lamp","House_HousingItem_Lighting_Legion_LightTable01_C","Rare","https://cdn.nw-buddy.de/nw-data/live/lyshineui/images/icons/items/housingitem/house_housingitem_lighting_legion_lighttable01_c.webp"
"Light Pewter Short Oil Lamp","House_HousingItem_Lighting_Legion_LightTable01_D","Uncommon","https://cdn.nw-buddy.de/nw-data/live/lyshineui/images/icons/items/housingitem/house_housingitem_lighting_legion_lighttable01_d.webp"
"Yellow Brass Wall Brazier","House_HousingItem_Lighting_Legion_LightWall01_A","Rare","https://cdn.nw-buddy.de/nw-data/live/lyshineui/images/icons/items/housingitem/house_housingitem_lighting_legion_lightwall01_a.webp"
"Burnt Copper Wall Brazier","House_HousingItem_Lighting_Legion_LightWall01_B","Epic","https://cdn.nw-buddy.de/nw-data/live/lyshineui/images/icons/items/housingitem/house_housingitem_lighting_legion_lightwall01_b.webp"
"Deep Silver Wall Brazier","House_HousingItem_Lighting_Legion_LightWall01_C","Rare","https://cdn.nw-buddy.de/nw-data/live/lyshineui/images/icons/items/housingitem/house_housingitem_lighting_legion_lightwall01_c.webp"
"Light Pewter Wall Brazier","House_HousingItem_Lighting_Legion_LightWall01_D","Uncommon","https://cdn.nw-buddy.de/nw-data/live/lyshineui/images/icons/items/housingitem/house_housingitem_lighting_legion_lightwall01_d.webp"
"Centurion Woven Rug","House_HousingItem_Rug_Legion_Decor_Floor_Rug01","Rare","https://cdn.nw-buddy.de/nw-data/live/lyshineui/images/icons/items/housingitem/house_housingitem_rug_legion_decor_floor_rug01.webp"
"Mediterranean Woven Rug","House_HousingItem_Rug_Legion_Decor_Floor_Rug02","Epic","https://cdn.nw-buddy.de/nw-data/live/lyshineui/images/icons/items/housingitem/house_housingitem_rug_legion_decor_floor_rug02.webp"
"Influential Woven Rug","House_HousingItem_Rug_Legion_Decor_Floor_Rug03","Rare","https://cdn.nw-buddy.de/nw-data/live/lyshineui/images/icons/items/housingitem/house_housingitem_rug_legion_decor_floor_rug03.webp"
"Verdant Woven Rug","House_HousingItem_Rug_Legion_Decor_Floor_Rug04","Uncommon","https://cdn.nw-buddy.de/nw-data/live/lyshineui/images/icons/items/housingitem/house_housingitem_rug_legion_decor_floor_rug04.webp"
"Legion Storage Chest","House_HousingItem_Storage_T3_Legion","Rare","https://cdn.nw-buddy.de/nw-data/live/lyshineui/images/icons/items/housingitem/house_housingitem_storage_t3_legion.webp"
"Rojo-Levantina Marble Bedside Table","House_HousingItem_Table_Legion_BedSideTable_A","Rare","https://cdn.nw-buddy.de/nw-data/live/lyshineui/images/icons/items/housingitem/house_housingitem_table_legion_bedsidetable_a.webp"
"Lazulite Marble Bedside Table","House_HousingItem_Table_Legion_BedSideTable_B","Epic","https://cdn.nw-buddy.de/nw-data/live/lyshineui/images/icons/items/housingitem/house_housingitem_table_legion_bedsidetable_b.webp"
"Amethyst Marble Bedside Table","House_HousingItem_Table_Legion_BedSideTable_C","Rare","https://cdn.nw-buddy.de/nw-data/live/lyshineui/images/icons/items/housingitem/house_housingitem_table_legion_bedsidetable_c.webp"
"Serpentine Marble Bedside Table","House_HousingItem_Table_Legion_BedSideTable_D","Uncommon","https://cdn.nw-buddy.de/nw-data/live/lyshineui/images/icons/items/housingitem/house_housingitem_table_legion_bedsidetable_d.webp"
"Cypress Wooden Desk","House_HousingItem_Table_Legion_Desk01_A","Rare","https://cdn.nw-buddy.de/nw-data/live/lyshineui/images/icons/items/housingitem/house_housingitem_table_legion_desk01_a.webp"
"White Oak Wooden Desk","House_HousingItem_Table_Legion_Desk01_B","Epic","https://cdn.nw-buddy.de/nw-data/live/lyshineui/images/icons/items/housingitem/house_housingitem_table_legion_desk01_b.webp"
"Walnut Wooden Desk","House_HousingItem_Table_Legion_Desk01_C","Rare","https://cdn.nw-buddy.de/nw-data/live/lyshineui/images/icons/items/housingitem/house_housingitem_table_legion_desk01_c.webp"
"Olive Wooden Desk","House_HousingItem_Table_Legion_Desk01_D","Uncommon","https://cdn.nw-buddy.de/nw-data/live/lyshineui/images/icons/items/housingitem/house_housingitem_table_legion_desk01_d.webp"
"Mosaiced Cypress Wooden Stand","House_HousingItem_Table_Legion_SmallTable_A","Rare","https://cdn.nw-buddy.de/nw-data/live/lyshineui/images/icons/items/housingitem/house_housingitem_table_legion_smalltable_a.webp"
"Mosaiced White Oak Wooden Stand","House_HousingItem_Table_Legion_SmallTable_B","Epic","https://cdn.nw-buddy.de/nw-data/live/lyshineui/images/icons/items/housingitem/house_housingitem_table_legion_smalltable_b.webp"
"Mosaiced Walnut Wooden Stand","House_HousingItem_Table_Legion_SmallTable_C","Rare","https://cdn.nw-buddy.de/nw-data/live/lyshineui/images/icons/items/housingitem/house_housingitem_table_legion_smalltable_c.webp"
"Mosaiced Olive Wooden Stand","House_HousingItem_Table_Legion_SmallTable_D","Uncommon","https://cdn.nw-buddy.de/nw-data/live/lyshineui/images/icons/items/housingitem/house_housingitem_table_legion_smalltable_d.webp"
"Rojo-Levantina Marble Dining Table","House_HousingItem_Table_Legion_Table01_A","Rare","https://cdn.nw-buddy.de/nw-data/live/lyshineui/images/icons/items/housingitem/house_housingitem_table_legion_table01_a.webp"
"Lazulite Marble Dining Table","House_HousingItem_Table_Legion_Table01_B","Epic","https://cdn.nw-buddy.de/nw-data/live/lyshineui/images/icons/items/housingitem/house_housingitem_table_legion_table01_b.webp"
"Amethyst Marble Dining Table","House_HousingItem_Table_Legion_Table01_C","Rare","https://cdn.nw-buddy.de/nw-data/live/lyshineui/images/icons/items/housingitem/house_housingitem_table_legion_table01_c.webp"
"Serpentine Marble Dining Table","House_HousingItem_Table_Legion_Table01_D","Uncommon","https://cdn.nw-buddy.de/nw-data/live/lyshineui/images/icons/items/housingitem/house_housingitem_table_legion_table01_d.webp"
"Cypress Wood Small Table","House_HousingItem_Table_Legion_Table02_A","Rare","https://cdn.nw-buddy.de/nw-data/live/lyshineui/images/icons/items/housingitem/house_housingitem_table_legion_table02_a.webp"
"White Oak Wood Small Table","House_HousingItem_Table_Legion_Table02_B","Epic","https://cdn.nw-buddy.de/nw-data/live/lyshineui/images/icons/items/housingitem/house_housingitem_table_legion_table02_b.webp"
"Walnut Wood Small Table","House_HousingItem_Table_Legion_Table02_C","Rare","https://cdn.nw-buddy.de/nw-data/live/lyshineui/images/icons/items/housingitem/house_housingitem_table_legion_table02_c.webp"
"Olive Wood Small Table","House_HousingItem_Table_Legion_Table02_D","Uncommon","https://cdn.nw-buddy.de/nw-data/live/lyshineui/images/icons/items/housingitem/house_housingitem_table_legion_table02_d.webp"
"Springtide Banner","House_HousingItem_HolidaySpring2023_Banner","Epic","https://cdn.nw-buddy.de/nw-data/live/lyshineui/images/icons/items/housingitem/house_housingitem_holidayspring2023_banner.webp"
"Barrel of Flowers","House_HousingItem_HolidaySpring2023_Flowers_Barrelhalf","Uncommon","https://cdn.nw-buddy.de/nw-data/live/lyshineui/images/icons/items/housingitem/house_housingitem_holidayspring2023_flowers_barrelhalf.webp"
"Crate of Flowers","House_HousingItem_HolidaySpring2023_Flowers_Crate","Uncommon","https://cdn.nw-buddy.de/nw-data/live/lyshineui/images/icons/items/housingitem/house_housingitem_holidayspring2023_flowers_crate.webp"
"Pot of Wispy Blooms","House_HousingItem_HolidaySpring2023_Wispybloom","Rare","https://cdn.nw-buddy.de/nw-data/live/lyshineui/images/icons/items/housingitem/house_housingitem_holidayspring2023_wispybloom.webp"
"Springtide Ceiling Light","House_HousingItem_Lighting_HolidaySpring2023_Lantern_Hanging_01","Rare","https://cdn.nw-buddy.de/nw-data/live/lyshineui/images/icons/items/housingitem/house_housingitem_lighting_holidayspring2023_lantern_hanging_01.webp"
"Springtide Wall Light","House_HousingItem_Lighting_HolidaySpring2023_Lantern_Hanging_02","Rare","https://cdn.nw-buddy.de/nw-data/live/lyshineui/images/icons/items/housingitem/house_housingitem_lighting_holidayspring2023_lantern_hanging_02.webp"
"Sacks of Pigment","House_HousingItem_HolidaySpring2023_Pigment_Sacks","Epic","https://cdn.nw-buddy.de/nw-data/live/lyshineui/images/icons/items/housingitem/house_housingitem_holidayspring2023_pigment_sacks.webp"
"Pinwheel","House_HousingItem_HolidaySpring2023_Pinwheel","Rare","https://cdn.nw-buddy.de/nw-data/live/lyshineui/images/icons/items/housingitem/house_housingitem_holidayspring2023_pinwheel.webp"
"Memento Amissum","House_HousingItem_QuestRewardBW_Decor_Memento","Rare","https://cdn.nw-buddy.de/nw-data/live/lyshineui/images/icons/items/housingitem/house_housingitem_questrewardbw_decor_memento.webp"
"Trophy of Blood of the Sands","House_HousingItem_Buff_SPECIAL_Season2_T1","Legendary","https://cdn.nw-buddy.de/nw-data/live/lyshineui/images/icons/items/housingitem/house_housingitem_buff_special_season2_t1.webp"
"Sandwurm Egg of the Long Journey","House_HousingItem_Season2_SandwormEgg_Variant1","Epic","https://cdn.nw-buddy.de/nw-data/live/lyshineui/images/icons/items/housingitem/house_housingitem_season2_sandwormegg_variant1.webp"
"Sandwurm Egg of the Oasis","House_HousingItem_Season2_SandwormEgg_Variant2","Epic","https://cdn.nw-buddy.de/nw-data/live/lyshineui/images/icons/items/housingitem/house_housingitem_season2_sandwormegg_variant2.webp"
"Sandwurm Egg of Blood and Sand","House_HousingItem_Season2_SandwormEgg_Variant3","Epic","https://cdn.nw-buddy.de/nw-data/live/lyshineui/images/icons/items/housingitem/house_housingitem_season2_sandwormegg_variant3.webp"
"Sandwurm Egg of the Protector","House_HousingItem_Season2_SandwormEgg_Variant4","Epic","https://cdn.nw-buddy.de/nw-data/live/lyshineui/images/icons/items/housingitem/house_housingitem_season2_sandwormegg_variant4.webp"
"Sandwurm Egg of the Hatchery","House_HousingItem_Season2_SandwormEgg_Variant5","Epic","https://cdn.nw-buddy.de/nw-data/live/lyshineui/images/icons/items/housingitem/house_housingitem_season2_sandwormegg_variant5.webp"
"Champion's Display Shelf","House_HousingItem_Season5_PVP_RewardTrack_TrophyShelf","Epic","https://cdn.nw-buddy.de/nw-data/live/lyshineui/images/icons/items/housingitem/house_housingitem_season5_pvp_rewardtrack_trophyshelf.webp"
"Champion's Canopy Bed","House_HousingItem_Season5_PVP_RewardTrack_CanopyBed","Epic","https://cdn.nw-buddy.de/nw-data/live/lyshineui/images/icons/items/housingitem/house_housingitem_season5_pvp_rewardtrack_canopybed.webp"
"Champion's High Back Chair","House_HousingItem_Season5_PVP_RewardTrack_Highchair","Epic","https://cdn.nw-buddy.de/nw-data/live/lyshineui/images/icons/items/housingitem/house_housingitem_season5_pvp_rewardtrack_highchair.webp"
"Champion's Partition","House_HousingItem_Season5_PVP_RewardTrack_Partition","Epic","https://cdn.nw-buddy.de/nw-data/live/lyshineui/images/icons/items/housingitem/house_housingitem_season5_pvp_rewardtrack_partition.webp"
"Champion's Monument","House_HousingItem_Season5_PVP_RewardTrack_HeroStatue","Epic","https://cdn.nw-buddy.de/nw-data/live/lyshineui/images/icons/items/housingitem/house_housingitem_season5_pvp_rewardtrack_herostatue.webp"
"Memory of the Fallen","House_HousingItem_QuestRewardGC_Lighting_MemoryOfFallen","Rare","https://cdn.nw-buddy.de/nw-data/live/lyshineui/images/icons/items/housingitem/house_housingitem_lighting_pirate_lightwall02.webp"
"Throne of the Minotaur","House_HousingItem_ElysianWilds_MinotaurThrone","Epic","https://cdn.nw-buddy.de/nw-data/live/lyshineui/images/icons/items/housingitem/house_housingitem_elysianwilds_minotaurthrone.webp"
"Pile of Bananas","House_HousingItem_ElysianWilds_BananaPile","Common","https://cdn.nw-buddy.de/nw-data/live/lyshineui/images/icons/items/housingitem/house_housingitem_elysianwilds_bananapile.webp"
"Beast's Nest","House_HousingItem_ElysianWilds_BeastNest","Uncommon","https://cdn.nw-buddy.de/nw-data/live/lyshineui/images/icons/items/housingitem/house_housingitem_elysianwilds_beastnest.webp"
"Hanging Jungle Vines","House_HousingItem_ElysianWilds_JungleVines","Common","https://cdn.nw-buddy.de/nw-data/live/lyshineui/images/icons/items/housingitem/house_housingitem_elysianwilds_junglevines.webp"
"Tattered Banner","House_HousingItem_ElysianWilds_FortBanner","Uncommon","https://cdn.nw-buddy.de/nw-data/live/lyshineui/images/icons/items/housingitem/house_housingitem_elysianwilds_fortbanner.webp"
"Statue of an Anubian Brute","House_HousingItem_ElysianWilds_Statue_AnubianBrute","Rare","https://cdn.nw-buddy.de/nw-data/live/lyshineui/images/icons/items/housingitem/house_housingitem_elysianwilds_statue_anubianbrute.webp"
"Statue of a Lost Archer","House_HousingItem_ElysianWilds_Statue_LostArcher","Rare","https://cdn.nw-buddy.de/nw-data/live/lyshineui/images/icons/items/housingitem/house_housingitem_elysianwilds_statue_lostarcher.webp"
"Statue of a Lost Axeman","House_HousingItem_ElysianWilds_Statue_LostAxeman","Rare","https://cdn.nw-buddy.de/nw-data/live/lyshineui/images/icons/items/housingitem/house_housingitem_elysianwilds_statue_lostaxeman.webp"
"Statue of an Alpha Wolf","House_HousingItem_ElysianWilds_Statue_BeastWolf","Rare","https://cdn.nw-buddy.de/nw-data/live/lyshineui/images/icons/items/housingitem/house_housingitem_elysianwilds_statue_beastwolf.webp"
"Statue of a Rousing Swordsman","House_HousingItem_ElysianWilds_Statue_LegionSettler","Rare","https://cdn.nw-buddy.de/nw-data/live/lyshineui/images/icons/items/housingitem/house_housingitem_elysianwilds_statue_legionsettler.webp"
"Monstera Foliage","House_HousingItem_ElysianWilds_MonsteraFoliage","Common","https://cdn.nw-buddy.de/nw-data/live/lyshineui/images/icons/items/housingitem/house_housingitem_elysianwilds_monsterafoliage.webp"
"Bulbous Chameleon Cordata","House_HousingItem_ElysianWilds_ChameleonCordata","Common","https://cdn.nw-buddy.de/nw-data/live/lyshineui/images/icons/items/housingitem/house_housingitem_elysianwilds_chameleoncordata.webp"
"Giant Corpus Lily","House_HousingItem_ElysianWilds_CorpusLily","Uncommon","https://cdn.nw-buddy.de/nw-data/live/lyshineui/images/icons/items/housingitem/house_housingitem_elysianwilds_corpuslily.webp"
"Dragontail Thuja","House_HousingItem_ElysianWilds_DragonTail","Uncommon","https://cdn.nw-buddy.de/nw-data/live/lyshineui/images/icons/items/housingitem/house_housingitem_elysianwilds_dragontail.webp"
"Tufted-Tail Bush","House_HousingItem_ElysianWilds_TuftedTailBush","Uncommon","https://cdn.nw-buddy.de/nw-data/live/lyshineui/images/icons/items/housingitem/house_housingitem_elysianwilds_tuftedtailbush.webp"
"Throne of the Hollow","House_HousingItem_Entitlement_Nightveil2023_ScaryChair","Rare","https://cdn.nw-buddy.de/nw-data/live/lyshineui/images/icons/items/housingitem/house_housingitem_entitlement_nightveil2023_scarychair.webp"
"Baalphazu's Offering","House_HousingItem_Entitlement_Nightveil2023_Sconce","Rare","https://cdn.nw-buddy.de/nw-data/live/lyshineui/images/icons/items/housingitem/house_housingitem_entitlement_nightveil2023_sconce.webp"
"Summoning Circle","House_HousingItem_Entitlement_Nightveil2023_SummoningCircle","Rare","https://cdn.nw-buddy.de/nw-data/live/lyshineui/images/icons/items/housingitem/house_housingitem_entitlement_nightveil2023_summoningcircle.webp"
"Basket of Treats","House_HousingItem_Entitlement_Nightveil2023_BasketOfTreats","Rare","https://cdn.nw-buddy.de/nw-data/live/lyshineui/images/icons/items/housingitem/house_housingitem_entitlement_nightveil2023_basketoftreats.webp"
"Trophy of the Elysian Wilds","House_HousingItem_Buff_SPECIAL_Season3_T1","Legendary","https://cdn.nw-buddy.de/nw-data/live/lyshineui/images/icons/items/housingitem/house_housingitem_buff_special_season3_t1.webp"
"Wooden Mobile","House_HousingItem_Winter2023_WoodenMobile","Rare","https://cdn.nw-buddy.de/nw-data/live/lyshineui/images/icons/items/housingitem/house_housingitem_winter2023_woodenmobile.webp"
"Festive Centerpiece","House_HousingItem_Winter2023_FestiveCenterpiece","Rare","https://cdn.nw-buddy.de/nw-data/live/lyshineui/images/icons/items/housingitem/house_housingitem_winter2023_festivecenterpiece.webp"
"Gleamite String Lights","House_HousingItem_Winter2023_GleamiteStringLight","Rare","https://cdn.nw-buddy.de/nw-data/live/lyshineui/images/icons/items/housingitem/house_housingitem_winter2023_gleamitestringlight.webp"
"Gleamite Table Light","House_HousingItem_Winter2023_GleamiteTableLight","Rare","https://cdn.nw-buddy.de/nw-data/live/lyshineui/images/icons/items/housingitem/house_housingitem_winter2023_gleamitetablelight.webp"
"Choochoo Train Set","House_HousingItem_Winter2023_TrainSet","Epic","https://cdn.nw-buddy.de/nw-data/live/lyshineui/images/icons/items/housingitem/house_housingitem_winter2023_trainset.webp"
"Cyclops Decimus Statuette","House_HousingItem_Season4_Statue_Cyclops_Statue_A","Legendary","https://cdn.nw-buddy.de/nw-data/live/lyshineui/images/icons/items/housingitem/house_housingitem_season4_statue_cyclops_statue_a.webp"
"Cyclops Lucanus Statuette","House_HousingItem_Season4_Statue_Cyclops_Statue_B","Legendary","https://cdn.nw-buddy.de/nw-data/live/lyshineui/images/icons/items/housingitem/house_housingitem_season4_statue_cyclops_statue_b.webp"
"Covenant Faction Standard","House_HousingItem_FactionFlags_Covenant","Uncommon","https://cdn.nw-buddy.de/nw-data/live/lyshineui/images/icons/items/housingitem/house_housingitem_factionflags_covenant.webp"
"Marauder Faction Standard","House_HousingItem_FactionFlags_Marauder","Uncommon","https://cdn.nw-buddy.de/nw-data/live/lyshineui/images/icons/items/housingitem/house_housingitem_factionflags_marauder.webp"
"Syndicate Faction Standard","House_HousingItem_FactionFlags_Syndicate","Uncommon","https://cdn.nw-buddy.de/nw-data/live/lyshineui/images/icons/items/housingitem/house_housingitem_factionflags_syndicate.webp"
"Trophy of Eternal Frost","House_HousingItem_Buff_SPECIAL_Season4_T1","Legendary","https://cdn.nw-buddy.de/nw-data/live/lyshineui/images/icons/items/housingitem/house_housingitem_buff_special_season4_t1.webp"
"Trophy of the Guardian","House_HousingItem_Buff_SPECIAL_Season5_T1","Legendary","https://cdn.nw-buddy.de/nw-data/live/lyshineui/images/icons/items/housingitem/house_housingitem_buff_special_season5_t1.webp"
"Springtide Chandelier","House_HousingItem_HolidaySpring2024_Lighting_Chandelier","Epic","https://cdn.nw-buddy.de/nw-data/live/lyshineui/images/icons/items/housingitem/house_housingitem_holidayspring2024_lighting_chandelier.webp"
"Springtide Table Lamp","House_HousingItem_HolidaySpring2024_Lighting_FloralTableLamp","Rare","https://cdn.nw-buddy.de/nw-data/live/lyshineui/images/icons/items/housingitem/house_housingitem_holidayspring2024_lighting_floraltablelamp.webp"
"Springtide Floor Lamp","House_HousingItem_HolidaySpring2024_Lighting_FloralFloorLamp","Rare","https://cdn.nw-buddy.de/nw-data/live/lyshineui/images/icons/items/housingitem/house_housingitem_holidayspring2024_lighting_floralfloorlamp.webp"
"Springtide Canopy Bed","House_HousingItem_HolidaySpring2024_FloralBed","Epic","https://cdn.nw-buddy.de/nw-data/live/lyshineui/images/icons/items/housingitem/house_housingitem_holidayspring2024_floralbed.webp"
"Springtide Loveseat","House_HousingItem_HolidaySpring2024_WickerLoveseat","Rare","https://cdn.nw-buddy.de/nw-data/live/lyshineui/images/icons/items/housingitem/house_housingitem_holidayspring2024_wickerloveseat.webp"
"Spriggan Sapling","House_HousingItem_Spriggan2024_PottedTree","Epic","https://cdn.nw-buddy.de/nw-data/live/lyshineui/images/icons/items/housingitem/house_housingitem_spriggan2024_pottedtree.webp"
"Trophy of the Hercyne","House_HousingItem_Buff_SPECIAL_Season6_T1","Legendary","https://cdn.nw-buddy.de/nw-data/live/lyshineui/images/icons/items/housingitem/house_housingitem_buff_special_season6_t1.webp"
"Trophy of Strife","House_HousingItem_Buff_SPECIAL_Season7_T1","Legendary","https://cdn.nw-buddy.de/nw-data/live/lyshineui/images/icons/items/housingitem/house_housingitem_buff_special_season7_t1.webp"
"Weathered Corrupted Ogre Floor Statue","HousingItem_Corrupted_Ogre_Floor_Statue","Epic","https://cdn.nw-buddy.de/nw-data/live/lyshineui/images/icons/items/housingitem/housingitem_corrupted_ogre_floor_statue.webp"
"Miniature Bronze Corrupted Ogre Statue","HousingItem_Corrupted_Ogre_Miniature_Statue","Epic","https://cdn.nw-buddy.de/nw-data/live/lyshineui/images/icons/items/housingitem/housingitem_corrupted_ogre_miniature_statue.webp"
"Starlight Grimalkin","House_HousingItem_Pet_Entitlement_Cat_Prime2024","Rare","https://cdn.nw-buddy.de/nw-data/live/lyshineui/images/icons/items/housingitem/house_housingitem_pet_entitlement_cat_prime2024.webp"
"“Talk of the Town” Commemorative Painting","House_HousingItem_Season7_VictorianSausagePainting","Legendary","https://cdn.nw-buddy.de/nw-data/live/lyshineui/images/icons/items/housingitem/house_housingitem_season7_victoriansausagepainting.webp"
"Trophy of Warfare (PvP)","House_HousingItem_Buff_PVPXP_Season7_T1","Legendary","https://cdn.nw-buddy.de/nw-data/live/lyshineui/images/icons/items/housingitem/house_housingitem_buff_pvpxp_season7_t1.webp"
"Trophy of Depravity","House_HousingItem_Buff_SPECIAL_Season8_T1","Legendary","https://cdn.nw-buddy.de/nw-data/live/lyshineui/images/icons/items/housingitem/house_housingitem_buff_special_season8_t1.webp"
"Trophy of Dominance (Territory)","House_HousingItem_Buff_SeasonalServer_Season8_T1","Legendary","https://cdn.nw-buddy.de/nw-data/live/lyshineui/images/icons/items/housingitem/house_housingitem_buff_seasonalserver_season8_t1.webp"
"Covenant Warlight Stone","housing_factionfest_reward_decor_covenant","Rare","https://cdn.nw-buddy.de/nw-data/live/lyshineui/images/icons/items/housingitem/housing_factionfest_reward_decor_covenant.webp"
"Marauder Warlight Stone","housing_factionfest_reward_decor_marauder","Rare","https://cdn.nw-buddy.de/nw-data/live/lyshineui/images/icons/items/housingitem/housing_factionfest_reward_decor_marauder.webp"
"Syndicate Warlight Stone","housing_factionfest_reward_decor_syndicate","Rare","https://cdn.nw-buddy.de/nw-data/live/lyshineui/images/icons/items/housingitem/housing_factionfest_reward_decor_syndicate.webp"
"Trophy of the Banner","House_HousingItem_Buff_SPECIAL_Season9_T1","Legendary","https://cdn.nw-buddy.de/nw-data/live/lyshineui/images/icons/items/housingitem/house_housingitem_buff_special_season9_t1.webp"
"Tide Master's Collection","House_HousingItem_Buff_Summer_Season9_T1","Epic","https://cdn.nw-buddy.de/nw-data/live/lyshineui/images/icons/items/housingitem/house_housingitem_buff_summer_season9_t1.webp"
"Trophy of Nighthaven","House_HousingItem_Buff_SPECIAL_Season10_T1","Legendary","https://cdn.nw-buddy.de/nw-data/live/lyshineui/images/icons/items/housingitem/house_housingitem_buff_special_season10_t1.webp"
"Draconic Pillar","House_HousingItem_Entitlement_WinterDragon2022_DragonPillar01","Rare","https://cdn.nw-buddy.de/nw-data/live/lyshineui/images/icons/items/housingitem/house_housingitem_entitlement_winterdragon2022_dragonpillar01.webp"
"Winter Fire Screen","House_HousingItem_Entitlement_WinterDragon2023_DragonFireScreen01","Rare","https://cdn.nw-buddy.de/nw-data/live/lyshineui/images/icons/items/housingitem/house_housingitem_entitlement_winterdragon2023_dragonfirescreen01.webp"
"Gong for Aid","House_HousingItem_Entitlement_WinterDragon2023_Gong01","Rare","https://cdn.nw-buddy.de/nw-data/live/lyshineui/images/icons/items/housingitem/house_housingitem_entitlement_winterdragon2023_gong01.webp"
"Wildwood Bench","House_HousingItem_Ent_OmensWinter2023_driftwoodbench01","Rare","https://cdn.nw-buddy.de/nw-data/live/lyshineui/images/icons/items/housingitem/house_housingitem_ent_omenswinter2023_driftwoodbench01.webp"
"Handwoven Throw Rug","House_HousingItem_Ent_OmensWinter2023_Rug","Rare","https://cdn.nw-buddy.de/nw-data/live/lyshineui/images/icons/items/housingitem/house_housingitem_ent_omenswinter2023_rug.webp"
"Shadow Fire","House_HousingItem_Pet_Entitlement_Wolf_Fire","Rare","https://cdn.nw-buddy.de/nw-data/live/lyshineui/images/icons/items/housingitem/house_housingitem_pet_entitlement_wolf_fire.webp"
"Burning Sands Silhouette Shadow Box","House_HousingItem_Firelight_MTX_ShadowBox","Rare","https://cdn.nw-buddy.de/nw-data/live/lyshineui/images/icons/items/housingitem/house_housingitem_firelight_mtx_shadowbox.webp"
"Suspended Lamp of Flickering Embers","House_HousingItem_Firelight_MTX_Lantern_Hanging","Rare","https://cdn.nw-buddy.de/nw-data/live/lyshineui/images/icons/items/housingitem/house_housingitem_firelight_mtx_lantern_hanging.webp"
"Lamp of Flickering Embers","House_HousingItem_Firelight_MTX_Lantern_Table","Rare","https://cdn.nw-buddy.de/nw-data/live/lyshineui/images/icons/items/housingitem/house_housingitem_firelight_mtx_lantern_table.webp"
"Lantern of Flickering Embers","House_HousingItem_Firelight_MTX_Lantern_Standing","Rare","https://cdn.nw-buddy.de/nw-data/live/lyshineui/images/icons/items/housingitem/house_housingitem_firelight_mtx_lantern_standing.webp"
"Steel Hearth Grating","House_HousingItem_Firelight_MTX_FireScreen","Rare","https://cdn.nw-buddy.de/nw-data/live/lyshineui/images/icons/items/housingitem/house_housingitem_firelight_mtx_firescreen.webp"
"Twilight Star Mat","House_HousingItem_Firelight_MTX_Rug","Rare","https://cdn.nw-buddy.de/nw-data/live/lyshineui/images/icons/items/housingitem/house_housingitem_firelight_mtx_rug.webp"
"Veneer Partition-Nook","House_HousingItem_Entitlement_FrontierWasteland2023_RoomDivider01","Rare","https://cdn.nw-buddy.de/nw-data/live/lyshineui/images/icons/items/housingitem/house_housingitem_entitlement_frontierwasteland2023_roomdivider01.webp"
"Stag Wall Mount","House_HousingItem_Entitlement_FrontierWasteland2023_DeerWallMountr01","Rare","https://cdn.nw-buddy.de/nw-data/live/lyshineui/images/icons/items/housingitem/house_housingitem_entitlement_frontierwasteland2023_deerwallmountr01.webp"
"Fox Skin Rug","House_HousingItem_Entitlement_FrontierWasteland2023_AnimalRug01","Rare","https://cdn.nw-buddy.de/nw-data/live/lyshineui/images/icons/items/housingitem/house_housingitem_entitlement_frontierwasteland2023_animalrug01.webp"
"Tooth-and-Clawfoot Bathtub","House_HousingItem_Entitlement_FrontierWasteland2023_Bathtub01","Rare","https://cdn.nw-buddy.de/nw-data/live/lyshineui/images/icons/items/housingitem/house_housingitem_entitlement_frontierwasteland2023_bathtub01.webp"